Name, Website, Pubs
Michael Backes 0001, https://cispa.de/en/people/backes, 40
Yang Zhang 0016, https://yangzhangalmo.github.io/, 33
Michael Schwarz 0001, https://cispa.de/en/people/c02misc, 26
Thorsten Holz, http://syssec.rub.de/~tho, 23
Sascha Fahl, https://saschafahl.de/, 21
Cas Cremers, https://cispa.saarland/people/cas.cremers, 15
Katharina Krombholz, https://cispa.saarland/people/katharina.krombholz, 14
Christian Rossow, https://christian-rossow.de/, 12
Ben Stock, https://people.cispa.io/ben.stock, 12
Giancarlo Pellegrino, https://people.cispa.io/giancarlo.pellegrino, 11
Mario Fritz, https://cispa.saarland/people/gallery, 10
Maximilian Golla, https://maximiliangolla.com/, 10
Julian Loss, https://www.julianloss.com/, 9
Ali Abbasi 0002, https://ali-abbasi.info/, 8
Lucjan Hanzlik, https://cispa.saarland/people/lucjan.hanzlik, 8
Cristian-Alexandru Staicu, https://www.staicu.org/, 8
Sven Bugiel, https://trust.cispa.saarland/~bugiel, 7
Nils Ole Tippenhauer, https://cispa.saarland/people/nils.tippenhauer, 6
Wouter Lueks, https://wouterlueks.nl/, 3
Nico Döttling, https://cispa.saarland/people/nico.doettling, 2
Aurore Fass, https://aurore54f.github.io/, 2
Lea Schönherr, https://leaschoenherr.me/, 2
Mridula Singh, https://cispa.de/en/people/c01mrsi, 2
Franziska Boenisch, https://franziska-boenisch.de/, 1
Andreas Zeller, https://andreas-zeller.info/, 1
Daniel Genkin, https://faculty.cc.gatech.edu/~genkin, 30
Wenke Lee, http://wenke.gtisc.gatech.edu/, 23
Taesoo Kim, https://taesoo.gtisc.gatech.edu/, 22
Frank Li 0001, https://frankli.ece.gatech.edu/, 11
Brendan Saltaformaggio, https://saltaformaggio.ece.gatech.edu/, 11
Raheem A. Beyah, https://rbeyah.ece.gatech.edu/, 10
Paul Pearce, https://www.cc.gatech.edu/~pearce, 9
Manos Antonakakis, https://sites.google.com/site/antonakakis, 7
Michael D. Bailey, https://faculty.cc.gatech.edu/~mbailey, 7
Vladimir Kolesnikov, https://www.scs.gatech.edu/people/vladimir-kolesnikov, 7
Fabian Monrose, https://fabianmonrose.github.io/, 7
Angelos D. Keromytis, https://angelosk.github.io/, 3
Mustaque Ahamad, http://www.cc.gatech.edu/~mustaq, 2
Alberto Dainotti, https://www.cc.gatech.edu/~adainotti6, 2
Ling Liu 0001, http://www.cc.gatech.edu/~lingliu, 2
Tucker R. Balch, http://www.cc.gatech.edu/home/tucker, 1
Alexandra Boldyreva, http://www.cc.gatech.edu/~aboldyre, 1
W. Keith Edwards, http://www.cc.gatech.edu/~keith, 1
Alessandro Orso, http://www.cc.gatech.edu/home/orso, 1
Milos Prvulovic, http://www.cc.gatech.edu/~milos, 1
Calton Pu, http://www.cc.gatech.edu/~calton, 1
Moinuddin K. Qureshi, http://moin.ece.gatech.edu/, 1
Saman A. Zonouz, https://sites.google.com/site/samanzonouz4n6, 1
Kenneth G. Paterson, https://appliedcrypto.ethz.ch/people/kenny-paterson.html, 19
Kaveh Razavi, https://comsec.ethz.ch/people/kaveh-razavi, 19
David A. Basin, https://www.inf.ethz.ch/personal/basin, 17
Martin T. Vechev, http://www.srl.inf.ethz.ch/vechev.php, 15
Srdjan Capkun, http://www.syssec.ethz.ch/people/capkun, 14
Adrian Perrig, http://www.netsec.ethz.ch/people/aperrig, 11
Florian Tramèr, https://floriantramer.com/, 11
Shweta Shinde, https://n.ethz.ch/~sshivaji, 7
Onur Mutlu, https://people.inf.ethz.ch/omutlu, 3
Torsten Hoefler, https://htor.inf.ethz.ch/, 2
Peter Müller 0001, http://www.pm.inf.ethz.ch/people/personal/pmueller-pers.html, 2
Zhendong Su 0001, http://web.cs.ucdavis.edu/~su, 2
Laurent Vanbever, https://nsg.ee.ethz.ch/, 1
Roger Wattenhofer, https://disco.ethz.ch/, 1
Xiangyu Zhang 0001, https://www.cs.purdue.edu/homes/xyzhang, 26
Dongyan Xu, https://www.cs.purdue.edu/homes/dxu, 21
Jing (Dave) Tian, https://davejingtian.org/, 19
Z. Berkay Celik, https://beerkay.github.io/, 18
Antonio Bianchi, https://antoniobianchi.me/, 17
Ninghui Li, https://www.cs.purdue.edu/homes/ninghui, 10
Aniket Kate, https://www.cs.purdue.edu/homes/akate, 9
Elisa Bertino, https://www.cs.purdue.edu/people/bertino, 7
Jeremiah Blocki, https://www.cs.purdue.edu/homes/jblocki, 4
Mohammadkazem Taram, https://www.cs.purdue.edu/people/faculty/mtaram.html, 4
Vassilis Zikas, https://www.cs.purdue.edu/homes/vzikas, 4
Saurabh Bagchi, https://engineering.purdue.edu/ECE/People/ptProfile?resource_id=3261, 3
Pedro Fonseca 0001, https://www.cs.purdue.edu/homes/pfonseca, 3
Christina Garman, https://www.cs.purdue.edu/people/faculty/clg, 2
Changhee Jung, https://www.cs.purdue.edu/homes/chjung, 2
Dan Goldwasser, https://www.cs.purdue.edu/homes/dgoldwas, 1
Jean Honorio, https://www.cs.purdue.edu/homes/jhonorio, 1
Christos-Alexandros Psomas, https://www.alexpsomas.com/, 1
Bruno Ribeiro 0001, https://www.cs.purdue.edu/homes/ribeirob, 1
Gang Wang 0011, http://people.cs.vt.edu/gangwang, 23
Ling Ren 0001, https://sites.google.com/view/renling, 18
Adam Bates 0001, http://adambates.org/, 14
Yupeng Zhang 0001, https://zhangyp.web.illinois.edu/, 12
Christopher W. Fletcher, http://cwfletcher.net/, 11
Andrew Miller 0001, http://soc1024.ece.illinois.edu/, 7
Carl A. Gunter, http://web.engr.illinois.edu/~cgunter, 6
David Heath, https://daheath.web.illinois.edu/, 6
Yang Wang 0005, https://yangwang.ischool.illinois.edu/, 6
Nikita Borisov, https://www.ece.illinois.edu/directory/profile/nikita, 4
Kirill Levchenko, http://klevchen.ece.illinois.edu/, 4
Josep Torrellas, http://iacoma.cs.uiuc.edu/josep/torrellas.html, 3
William H. Sanders, http://whs.crhc.illinois.edu/, 2
Roy H. Campbell, http://cs.illinois.edu/directory/profile/rhc, 1
Yih-Chun Hu, https://www.ece.illinois.edu/directory/profile/yihchun, 1
Ravishankar K. Iyer, https://www.ece.illinois.edu/directory/profile/rkiyer, 1
Oluwasanmi Koyejo, http://sanmi.cs.illinois.edu/, 1
Elahe Soltanaghai, https://elahe.web.illinois.edu/, 1
Mahesh Viswanathan 0001, http://vmahesh.cs.illinois.edu/, 1
Tianyin Xu, https://tianyin.github.io/, 1
Shouling Ji, http://person.zju.edu.cn/sji, 38
Wenyuan Xu 0001, https://person.zju.edu.cn/en/wyxu, 28
Kui Ren 0001, https://person.zju.edu.cn/kuiren, 16
Yajin Zhou, http://yajin.org/, 13
Wenbo Shen, https://wenboshen.org/, 9
Zhongjie Ba, https://person.zju.edu.cn/zhongjieba, 6
Feng Lin 0004, https://person.zju.edu.cn/person/flin, 6
Wenzhi Chen, http://mypage.zju.edu.cn/chenwenzhi, 5
Li Lu 0008, https://person.zju.edu.cn/lynnluli, 5
Zhan Qin, https://person.zju.edu.cn/qinzhan, 5
Song Li 0006, https://songli.io/, 4
Zhibo Wang 0001, https://person.zju.edu.cn/zhibowang, 4
Lei Wu 0012, https://person.zju.edu.cn/lei_wu, 4
Jianwei Yin, http://mypage.zju.edu.cn/0001038, 4
Qinming He, http://mypage.zju.edu.cn/0088262, 3
Chunming Wu 0001, http://mypage.zju.edu.cn/0095168, 3
Peisen Yao, https://rainoftime.github.io/, 3
Jian Liu 0012, https://person.zju.edu.cn/0019840, 2
Ziqi Yang, https://person.zju.edu.cn/yangziqi, 2
Mingxue Zhang 0001, https://zhangmx1997.github.io/, 2
Shuiguang Deng, http://mypage.zju.edu.cn/shuiguang, 1
Qi Li 0002, https://www.cs.tsinghua.edu.cn/publish/csen/4623/2020/20200105201627634466124/20200105201627634466124_.html, 36
Hai-Xin Duan, https://netsec.ccert.edu.cn/duanhx, 33
Chao Zhang 0008, https://www.cs.tsinghua.edu.cn/info/1127/3590.htm, 28
Ke Xu 0002, http://www.cs.tsinghua.edu.cn/publish/csen/4623/2010/20101224195105834581145/20101224195105834581145_.html, 15
Zhuotao Liu, https://inspiringgroup.github.io/, 12
Jianjun Chen 0005, https://jianjunchen.com/, 9
Yu Jiang 0001, https://sites.google.com/site/jiangyu198964/home, 7
Mingwei Xu, http://routing.netlab.edu.cn/tiki-index.php?page=Mingwei+Xu, 7
Jianping Wu, http://www.cs.tsinghua.edu.cn/publish/csen/4623/2010/20101224194435414856631/20101224194435414856631_.html, 5
Jia-Guang Sun 0001, http://www.thss.tsinghua.edu.cn/publish/soften/3131/2010/20101219095105462245998/20101219095105462245998_.html, 4
Shi-Min Hu 0001, http://cg.cs.tsinghua.edu.cn/shimin.htm, 3
Ju Ren 0001, https://juren1987.github.io/, 2
Jianwei Zhuge, http://netsec.ccert.edu.cn/zhugejw, 2
Ran Duan, http://iiis.tsinghua.edu.cn/zh/duanr, 1
Yuanjie Li, http://yuanjiel.com/, 1
Zhenhua Li 0001, http://www.greenorbs.org/people/lzh, 1
Hai Wan, http://www.thss.tsinghua.edu.cn/publish/soften/3131/2017/20170413101707097534409/20170413101707097534409_.html, 1
Dongsheng Wang 0002, http://www.cs.tsinghua.edu.cn/publish/cs/4616/2019/20190624143913863630791/20190624143913863630791_.html, 1
Zhiliang Wang, http://netarchlab.tsinghua.edu.cn/~wzl/index_chn.html, 1
Wei Xu 0005, http://iiis.tsinghua.edu.cn/~weixu, 1
Xia Yin, http://www.tsinghua.edu.cn/publish/csen/4623/2010/20101226110908587907841/20101226110908587907841_.html, 1
Mingsheng Ying, https://www.cs.tsinghua.edu.cn/csen/info/1186/4020.htm, 1
Xibin Zhao, http://www.thss.tsinghua.edu.cn/publish/soften/3131/2010/20101219192857877627039/20101219192857877627039_.html, 1
Jun Zhu 0001, http://ml.cs.tsinghua.edu.cn/~jun/index.shtml, 1
XiaoFeng Wang 0001, http://www.informatics.indiana.edu/xw7, 45
Xiaojing Liao, http://www.xiaojingliao.com/, 22
Luyi Xing, https://luyixing.weebly.com/, 20
Hang Zhang 0012, https://hangz.me/, 8
Haixu Tang, http://www.informatics.indiana.edu/hatang, 7
Apu Kapadia, http://www.cs.indiana.edu/~kapadia, 4
Yan Huang 0001, http://homes.soic.indiana.edu/yh33, 3
David J. Crandall, http://www.cs.indiana.edu/~djcran, 1
Amr Sabry, http://www.cs.indiana.edu/~sabry, 1
Chenghong Wang, https://luddy.indiana.edu/contact/profile/index.html?Chenghong_Wang, 1
Dongruo Zhou, https://sites.google.com/view/drzhou, 1
Deian Stefan, https://cseweb.ucsd.edu/~dstefan, 12
Nadia Heninger, https://cseweb.ucsd.edu/~nadiah, 8
Farinaz Koushanfar, https://farinaz.eng.ucsd.edu/home, 8
Deepak Kumar 0006, https://kumarde.com/, 7
Earlence Fernandes, http://earlence.com/, 6
Stefan Savage, http://cseweb.ucsd.edu/~savage, 6
Dean M. Tullsen, https://cseweb.ucsd.edu/~tullsen, 6
Kamalika Chaudhuri, http://cseweb.ucsd.edu/~kamalika, 4
Yuanyuan Zhou 0001, https://cseweb.ucsd.edu/~yyzhou, 4
Ranjit Jhala, https://ranjitjhala.github.io/, 3
Aaron Schulman, http://cseweb.ucsd.edu/~schulman, 3
Geoffrey M. Voelker, http://cseweb.ucsd.edu/~voelker, 3
Dinesh Bharadia, https://web.eng.ucsd.edu/~dineshb, 2
Alex C. Snoeren, http://cseweb.ucsd.edu/~snoeren, 2
Parinaz Naghizadeh Ardabili, https://jacobsschool.ucsd.edu/people/profile/parinaz-naghizadeh, 1
Sicun Gao, https://scungao.github.io/, 1
Haojian Jin, http://haojianj.in/, 1
Ryan Kastner, http://kastner.ucsd.edu/, 1
Sorin Lerner, http://cseweb.ucsd.edu/~lerner, 1
Julian J. McAuley, http://cseweb.ucsd.edu/~jmcauley, 1
Daniele Micciancio, http://cseweb.ucsd.edu/~daniele, 1
Imani N. S. Munyaka, https://www.cise.ufl.edu/~isherman, 1
Steven Swanson, http://cseweb.ucsd.edu/~swanson, 1
Xinyu Zhang 0003, http://xyzhang.ucsd.edu/, 1
Yiying Zhang 0005, https://cseweb.ucsd.edu/~yiying, 1
Jishen Zhao, https://cseweb.ucsd.edu/~jzhao, 1
Min Yang 0002, http://www.cs.fudan.edu.cn/?page_id=2665###, 40
Yuan Zhang 0009, https://yuanxzhang.github.io/, 19
Zhemin Yang, http://www.cs.fudan.edu.cn/?page_id=12009###, 13
Guangliang Yang 0001, https://yang-guangliang.github.io/, 9
Mi Zhang 0001, https://mi-zhang-fdu.github.io/index.chn.html, 7
Xiaohan Zhang 0001, https://xhzhang.github.io/, 7
Lei Zhang 0096, https://zxlfd.github.io/, 6
Geng Hong, https://ghong.site/, 5
Weili Han, http://crypto.fudan.edu.cn/people/weili, 4
Bihuan Chen 0001, https://chenbihuan.github.io/, 2
Zhe Zhou 0001, https://faculty.fudan.edu.cn/zhouzhe/zh_CN/index.htm, 2
Yun Xiong, http://www.cs.fudan.edu.cn/?page_id=1979, 1
Su Yang, http://homepage.fudan.edu.cn/suyang, 1
Kai Zhang 0006, https://kay21s.github.io/, 1
Long Lu, http://www.longlu.org/, 13
Kevin Fu, https://web.eecs.umich.edu/~kevinfu, 9
Engin Kirda, http://www.ccs.neu.edu/home/ek, 9
Abhi Shelat, https://shelat.khoury.neu.edu/, 8
Cristina Nita-Rotaru, http://www.ccis.northeastern.edu/people/cristina-nita-rotaru, 6
Guevara Noubir, http://www.ccs.neu.edu/home/noubir, 6
Alina Oprea, http://www.ccs.neu.edu/home/alina, 6
Aanjhan Ranganathan, https://www.aanjhan.com/, 6
Alan Mislove, http://www.ccs.neu.edu/home/amislove, 5
Jonathan R. Ullman, http://www.ccis.northeastern.edu/people/jonathan-ullman, 3
Ada Lerner, https://www.khoury.northeastern.edu/people/ada-lerner, 2
Xue Lin, https://web.northeastern.edu/xuelin, 2
William K. Robertson, http://www.ccis.northeastern.edu/people/william-robertson, 2
Gregory D. Abowd, https://www.khoury.northeastern.edu/people/gregory-abowd, 1
David R. Choffnes, http://david.choffnes.com/, 1
Rajmohan Rajaraman, http://www.ccs.neu.edu/home/rraj, 1
Yanzhi Wang, https://www.khoury.northeastern.edu/people/yanzhi-wang, 1
Christo Wilson, http://www.ccs.neu.edu/home/cbw, 1
Yuval Yarom, https://yuval.yarom.org/, 26
Jörg Schwenk, http://nds.rub.de/chair/people/joerg-schwenk, 21
M. Angela Sasse, https://www.ei.ruhr-uni-bochum.de/fakultaet/personen/sasse, 7
Amir Moradi 0001, https://www.seceng.rub.de/moradi, 6
Kevin Borgolte, https://kevin.borgolte.me/, 5
Tim Güneysu, http://www.seceng.rub.de/chair/staff/gueneysu, 5
Eike Kiltz, http://kiltz.net/, 4
Ghassan Karame, http://www.ghassankarame.com/, 3
Nils Fleischhacker, https://www.crypto.ruhr-uni-bochum.de/staff/fleischhacker.html.en, 2
Gregor Leander, http://www.crypto.rub.de/staff/leander.html.en, 2
Karola Marky, https://karolamarky.pinyto.de/en/home, 2
Alexander May 0001, http://www.cits.rub.de/personen/may.html, 2
Alena Naiakshina, https://www.besec.uni-bonn.de/index.php/team/alena-naiakshina, 1
Bo Li 0026, https://aisecure.github.io/, 18
Blase Ur, http://www.blaseur.com/, 14
Ben Y. Zhao, http://people.cs.uchicago.edu/~ravenben, 13
Haitao Zheng 0001, https://people.cs.uchicago.edu/~htzheng, 13
Nick Feamster, https://people.cs.uchicago.edu/~feamster, 8
Marshini Chetty, https://marshini.net/, 4
Ce Zhang 0001, https://zhangce.github.io/, 4
David Cash, https://people.cs.uchicago.edu/~davidcash, 3
Grant Ho, https://cs.uchicago.edu/people/grant-ho, 3
Kexin Pei, https://cs.uchicago.edu/people/kexin-pei, 3
Aloni Cohen, https://aloni.net/, 2
Yuxin Chen 0001, https://www.cs.uchicago.edu/people/profile/yuxin-chen1, 1
Rana Hanocka, http://people.cs.uchicago.edu/~ranahanocka, 1
Henry Hoffmann, http://people.cs.uchicago.edu/~hankhoffmann, 1
Michelle L. Mazurek, https://www.umiacs.umd.edu/~mmazurek, 26
Jonathan Katz, https://www.cs.umd.edu/~jkatz, 9
Yonghwi Kwon 0001, https://yonghwi-kwon.github.io/, 9
Ian Miers, https://www.cs.umd.edu/people/imiers, 9
Tudor Dumitras, http://users.umiacs.umd.edu/~tdumitra, 8
Dave Levin, http://www.cs.umd.edu/~dml, 8
Yizheng Chen 0001, https://surrealyz.github.io/, 5
Dana Dachman-Soled, https://ece.umd.edu/~danadach, 3
Hal Daumé III, http://www.umiacs.umd.edu/~hal, 1
Zaoxing Liu, https://www.cs.umd.edu/~zaoxing, 1
James M. Purtilo, https://seam.cs.umd.edu/purtilo, 1
Gang Qu 0001, https://ece.umd.edu/~gangqu, 1
Xiaodi Wu 0001, https://www.cs.umd.edu/~xwu, 1
Ting Wang 0006, https://alps-lab.github.io/, 25
Nick Nikiforakis, https://www.cs.stonybrook.edu/people/faculty/NickNikiforakis, 14
Michalis Polychronakis, https://www3.cs.stonybrook.edu/~mikepo, 8
Dongyoon Lee, https://www3.cs.stonybrook.edu/~dongyoon, 7
Omar Chowdhury, https://www.cs.stonybrook.edu/people/faculty/OmarChowdhury, 5
Amir Rahmati, https://amir.rahmati.com/, 5
Radu Sion, https://www.cs.stonybrook.edu/people/faculty/RaduSion, 5
R. Sekar 0001, http://seclab.cs.sunysb.edu/sekar, 4
Shubham Jain, https://www3.cs.stonybrook.edu/~jain, 3
Michael Ferdman, http://compas.cs.stonybrook.edu/~mferdman, 1
Arie E. Kaufman, http://www3.cs.stonybrook.edu/~ari, 1
Scott A. Smolka, http://www3.cs.stonybrook.edu/~sas, 1
Scott D. Stoller, http://www3.cs.stonybrook.edu/~stoller, 1
Nicolas Christin, http://www.andrew.cmu.edu/user/nicolasc, 9
Riccardo Paccagnella, https://www.cs.cmu.edu/~rpaccagn, 9
Bryan Parno, https://www.cylab.cmu.edu/education/faculty/parno.html, 7
Elaine Shi, http://elaineshi.com/, 7
Vyas Sekar, https://users.ece.cmu.edu/~vsekar, 6
Yuvraj Agarwal, http://www.synergylabs.org/yuvraj, 5
Wenting Zheng, https://wzheng.github.io/, 5
Lujo Bauer, http://www.ece.cmu.edu/~lbauer, 4
Lorrie Faith Cranor, http://lorrie.cranor.org/, 4
Matt Fredrikson, http://www.cs.cmu.edu/~mfredrik, 2
Claire Le Goues, https://clairelegoues.com/, 2
Bogdan Vasilescu, http://bvasiles.github.io/, 2
Alessandro Acquisti, http://www.heinz.cmu.edu/~acquisti, 1
Anupam Datta, http://www.andrew.cmu.edu/user/danupam, 1
Jodi Forlizzi, https://www.hcii.cmu.edu/people/jodi-forlizzi, 1
Virgil D. Gligor, https://users.ece.cmu.edu/~virgil, 1
Vipul Goyal, https://www.cs.cmu.edu/~goyal, 1
Jason I. Hong, http://www.cs.cmu.edu/~jasonh, 1
Daphne Ippolito, https://www.daphnei.com/, 1
Swarun Kumar, https://swarunkumar.com/, 1
Graham Neubig, http://www.phontron.com/, 1
Rohan Padhye, https://rohan.padhye.org/, 1
Norman M. Sadeh, http://www.normsadeh.org/, 1
Adam Doupé, http://adamdoupe.com/, 25
Yan Shoshitaishvili, http://www.yancomm.net/, 22
Ruoyu Wang 0001, https://ruoyuwang.me/, 17
Tiffany Bao, https://www.tiffanybao.com/, 16
Gail-Joon Ahn, http://www.public.asu.edu/~gahn1, 10
Xusheng Xiao, https://xusheng-xiao.github.io/, 9
Adil Ahmad, https://adil-ahmad.net/, 5
Deliang Fan, https://dfan.engineering.asu.edu/, 3
Jedidiah R. Crandall, https://www.cs.unm.edu/~crandall, 2
Rakibul Hasan 0001, https://rakib062.github.io/, 2
Ni Trieu, https://nitrieu.github.io/, 2
Neil Zhenqiang Gong, http://people.duke.edu/~zg70, 22
Michael K. Reiter, https://reitermk.github.io/, 13
Kartik Nayak, https://users.cs.duke.edu/~kartik, 10
Pardis Emami Naeini, http://www.cs.duke.edu/~pe48, 6
Danfeng Zhang, https://users.cs.duke.edu/~dz132, 6
Yiran Chen 0001, https://ece.duke.edu/faculty/yiran-chen, 1
Hai Li 0001, http://cei.pratt.duke.edu/people/hai-li, 1
Bruce M. Maggs, https://users.cs.duke.edu/~bmm, 1
Miroslav Pajic, http://people.duke.edu/~mp275, 1
Xiaowei Yang 0001, https://users.cs.duke.edu/~xwy, 1
Danyang Zhuo, https://danyangzhuo.com/, 1
Kang G. Shin, http://web.eecs.umich.edu/~kgshin, 11
Roya Ensafi, https://ensa.fi/, 10
J. Alex Halderman, https://jhalderm.com/, 9
Z. Morley Mao, http://web.eecs.umich.edu/~zmao, 7
Ang Chen 0001, https://web.eecs.umich.edu/~chenang, 6
Paul Grubbs, https://paulgrubbs.net/, 6
Florian Schaub, https://www.si.umich.edu/people/florian-schaub, 6
Jiasi Chen, https://jiasi.engin.umich.edu/, 3
Atul Prakash 0001, http://web.eecs.umich.edu/~aprakash, 3
Mingyan Liu, http://web.eecs.umich.edu/~mingyan, 2
Satish Narayanasamy, http://web.eecs.umich.edu/~nsatish, 2
Todd M. Austin, http://web.eecs.umich.edu/~taustin, 1
Peter M. Chen, https://eecs.engin.umich.edu/people/chen-peter-m, 1
Ronald G. Dreslinski, https://web.eecs.umich.edu/~rdreslin, 1
Jean-Baptiste Jeannin, http://www-personal.umich.edu/~jeannin, 1
Chris Peikert, http://web.eecs.umich.edu/~cpeikert, 1
Thomas F. Wenisch, https://web.eecs.umich.edu/~twenisch, 1
Tech, https://tech.cornell.edu/, 23
Tech, https://tech.cornell.edu/, 13
Tech, https://tech.cornell.edu/, 8
Tech, https://tech.cornell.edu/, 8
G. Edward Suh, http://www.csl.cornell.edu/~suh, 6
Andrew C. Myers, http://www.cs.cornell.edu/andru, 4
Rachit Agarwal 0001, http://www.cs.cornell.edu/~ragarwal, 3
Nate Foster, http://www.cs.cornell.edu/~jnfoster, 1
Justin Hsu, https://justinh.su/, 1
Tech, https://tech.cornell.edu/, 1
Tech, https://tech.cornell.edu/, 1
Rachee Singh, https://www.racheesingh.com/, 1
Florian Kerschbaum, https://cs.uwaterloo.ca/~fkerschb, 16
Yousra Aafer, https://cs.uwaterloo.ca/~yaafer, 13
N. Asokan, https://cs.uwaterloo.ca/about/people/n-asokan, 5
Ian Goldberg, https://cs.uwaterloo.ca/~iang, 5
Meng Xu 0001, https://cs.uwaterloo.ca/~m285xu, 4
Diogo Barradas, https://cs.uwaterloo.ca/~dbarrada, 3
Sergey Gorbunov 0001, https://cs.uwaterloo.ca/~sgorbuno, 3
Urs Hengartner, https://cs.uwaterloo.ca/~uhengart, 2
Douglas Stebila, https://www.douglas.stebila.ca/, 2
Sihang Liu 0001, https://www.sihangliu.com/, 1
Sujaya Maiyya, https://cs.uwaterloo.ca/~smaiyya, 1
Zhiyun Qian, http://www.cs.ucr.edu/~zhiyunq, 30
Trent Jaeger, http://www.trentjaeger.com/, 9
Heng Yin 0001, http://www.cs.ucr.edu/~heng, 9
Nael B. Abu-Ghazaleh, http://www.cs.ucr.edu/~nael, 7
Emiliano De Cristofaro, https://profiles.ucr.edu/app/home/profile/emiliand, 7
Chengyu Song, https://www.cs.ucr.edu/~csong, 7
Srikanth V. Krishnamurthy, http://www.cs.ucr.edu/~krish, 4
Shaolei Ren, http://www.ece.ucr.edu/~sren, 1
Silas Richelson, http://people.csail.mit.edu/sirichel, 1
Manu Sridharan, https://manu.sridharan.net/, 1
Dawn Song, https://www2.eecs.berkeley.edu/Faculty/Homepages/song.html, 23
Raluca A. Popa, http://www.eecs.berkeley.edu/~raluca, 19
Sanjam Garg, http://www.cs.berkeley.edu/~sanjamg, 6
Vern Paxson, http://www.icir.org/vern, 5
David A. Wagner 0001, http://www.cs.berkeley.edu/~daw, 5
Ion Stoica, http://www.cs.berkeley.edu/~istoica, 4
Koushik Sen, http://www.eecs.berkeley.edu/Faculty/Homepages/ksen.html, 2
Shafi Goldwasser, https://www2.eecs.berkeley.edu/Faculty/Homepages/goldwasser.html, 1
Joseph Gonzalez 0001, http://www.cs.berkeley.edu/~jegonzal, 1
Joseph M. Hellerstein, http://citris-uc.org/person/professor-joseph-hellerstein, 1
Michael I. Jordan, http://www.cs.berkeley.edu/~jordan, 1
James F. O'Brien, http://obrien.berkeley.edu/, 1
Sylvia Ratnasamy, http://www.eecs.berkeley.edu/~sylvia, 1
Sanjit A. Seshia, https://people.eecs.berkeley.edu/~sseshia, 1
Martin J. Wainwright, https://www.eecs.berkeley.edu/~wainwrig, 1
Matei Zaharia, https://people.eecs.berkeley.edu/~matei, 1
Ahmad-Reza Sadeghi, https://www.trust.informatik.tu-darmstadt.de/people/ahmad-reza-sadeghi, 22
Sebastian Faust, http://www.sebastian-faust.net/, 8
Michael Waidner, https://www.sit.informatik.tu-darmstadt.de/de/security-in-information-technology/staff/michael-waidner, 8
Matthias Hollick, https://www.seemoo.tu-darmstadt.de/team/matthias-hollick, 7
Thomas Schneider 0003, https://www.thomaschneider.de/, 7
Marc Fischlin, https://www.cryptoplexity.informatik.tu-darmstadt.de/members/marcfischlin/marcfischlin.en.jsp, 3
Jean Paul Degabriele, https://degabriele.info/, 2
Stefan Katzenbeisser 0001, http://www.seceng.informatik.tu-darmstadt.de/people/katzenbeisser, 2
Max Mühlhäuser, https://www.informatik.tu-darmstadt.de/fb20/organisation_fb20/studiendekanat/studiendekanat_detailseite_46656.en.jsp, 2
Rahul Chatterjee 0001, https://pages.cs.wisc.edu/~chatterjee, 16
Kassem Fawaz, https://kassemfawaz.com/, 13
Somesh Jha, http://pages.cs.wisc.edu/~jha, 13
Chaowei Xiao, https://xiaocw11.github.io/, 7
Patrick D. McDaniel, http://www.patrickmcdaniel.org/, 6
Younghyun Kim 0001, https://wisest.ece.wisc.edu/staff/kim-younghyun, 3
Michael M. Swift, http://pages.cs.wisc.edu/~swift, 3
Ethan Cecchetti, https://ethan.umiacs.io/, 2
Yuhang Zhao 0001, https://www.yuhangz.com/, 2
Aws Albarghouthi, http://pages.cs.wisc.edu/~aws, 1
Andrea C. Arpaci-Dusseau, http://pages.cs.wisc.edu/~dusseau, 1
Paul Barford, http://pages.cs.wisc.edu/~pb, 1
Tej Chajed, https://www.chajed.io/, 1
Yong Jae Lee, https://pages.cs.wisc.edu/~yongjaelee, 1
Parameswaran Ramanathan, https://ramanathan.ece.wisc.edu/, 1
Prateek Saxena, https://www.comp.nus.edu.sg/~prateeks, 12
Zhenkai Liang, https://www.comp.nus.edu.sg/~liangzk, 6
Reza Shokri, https://www.comp.nus.edu.sg/~reza, 6
Jin Song Dong, https://www.comp.nus.edu.sg/~dongjs, 5
Abhik Roychoudhury, https://www.comp.nus.edu.sg/~abhik, 5
Jiaheng Zhang, https://zjhzjh123.github.io/, 5
Xiaokui Xiao, http://www.comp.nus.edu.sg/~xiaoxk, 4
Haifeng Yu, https://www.comp.nus.edu.sg/~yuhf, 3
Trevor E. Carlson, https://www.comp.nus.edu.sg/~tcarlson, 2
Mun Choon Chan, https://www.comp.nus.edu.sg/~chanmc, 2
Ee-Chien Chang, https://www.comp.nus.edu.sg/~changec, 2
Aquinas Hobor, https://www.comp.nus.edu.sg/~hobor, 2
Bryan Hooi, https://www.comp.nus.edu.sg/~bhooi, 2
Divesh Aggarwal, https://sites.google.com/site/diveshhomepage, 1
Tat-Seng Chua, http://www.comp.nus.edu.sg/~chuats, 1
Ilya Sergey, https://www.yale-nus.edu.sg/about/faculty/ilya-sergey, 1
Terence Sim, https://www.comp.nus.edu.sg/~tsim, 1
Prashant Nalini Vasudevan, https://www.comp.nus.edu.sg/~prashant, 1
Mathias Payer, https://nebelwelt.net/, 31
Carmela Troncoso, http://carmelatroncoso.com/, 10
Jean-Pierre Hubaux, https://people.epfl.ch/jean-pierre.hubaux, 5
Alessandro Chiesa, https://people.epfl.ch/alessandro.chiesa, 4
Bryan Ford, http://www.brynosaurus.com/, 4
Sanidhya Kashyap, https://sanidhya.github.io/, 3
Babak Falsafi, http://parsa.epfl.ch/~falsafi, 2
Serge Vaudenay, http://lasecwww.epfl.ch/~vaudenay, 2
Karl Aberer, http://lsir.epfl.ch/aberer, 1
Alexandre Alahi, https://people.epfl.ch/alexandre.alahi, 1
Kun Sun 0001, https://csis.gmu.edu/ksun, 16
Xiaokuan Zhang, https://mainarke.github.io/, 9
Qiang Zeng 0001, https://cs.gmu.edu/~qzeng2, 7
S. Dov Gordon, http://cs.gmu.edu/~gordon, 6
Giuseppe Ateniese, https://ateniese.github.io/, 4
Evgenios M. Kornaropoulos, https://cs.gmu.edu/~evgenios, 4
Lannan Luo, https://lannan.github.io/, 3
Khaled N. Khasawneh, https://sites.google.com/view/knkhasawneh/khaled-n-khasawneh, 2
Nora McDonald, https://cs.gmu.edu/directory/detail/173, 2
Foteini Baldimtsi, http://www.baldimtsi.com/, 1
Songqing Chen, https://cs.gmu.edu/~sqchen, 1
Parth H. Pathak, http://www.phpathak.com/, 1
Zhisheng Yan, https://mason.gmu.edu/~zyan4/index.html, 1
Hong Hu 0004, https://huhong789.github.io/, 15
Syed Rafiul Hussain, https://syed-rafiul-hussain.github.io/, 9
Peng Liu 0005, https://s2.ist.psu.edu/pliu, 8
Gang Tan, http://www.cse.psu.edu/~gxt29, 7
Dinghao Wu, https://faculty.ist.psu.edu/wu, 7
Taegyu Kim, https://tgkim.gitlab.io/, 5
Daniel Kifer, http://www.cse.psu.edu/~duk17, 3
Jinghui Chen, https://jinghuichen.github.io/, 2
Fenglong Ma, http://personal.psu.edu/ffm5105, 2
Thomas La Porta, http://www.cse.psu.edu/~tfl12, 2
Mahanth Gowda, http://www.cse.psu.edu/~mkg31, 1
Mahmut T. Kandemir, http://www.cse.psu.edu/~mtk2, 1
Aron Laszka, https://aronlaszka.com/, 1
Kiwan Maeng, https://kiwanmaeng.com/, 1
Shagufta Mehnaz, https://smehnaz.github.io/, 1
Linhai Song, https://songlh.github.io/, 1
Shomir Wilson, https://shomir.net/, 1
Rui Zhang 0037, https://ryanzhumich.github.io/, 1
SP, https://www.cis.mpg.de/mpi-for-security-and-privacy/, 18
SP, https://www.cis.mpg.de/mpi-for-security-and-privacy/, 12
SP, https://www.cis.mpg.de/mpi-for-security-and-privacy/, 10
SP, https://www.cis.mpg.de/mpi-for-security-and-privacy/, 7
SP, https://www.cis.mpg.de/mpi-for-security-and-privacy/, 3
SWS, https://www.cis.mpg.de/mpi-sws/, 2
SWS, https://www.cis.mpg.de/mpi-sws/, 2
SP, https://www.cis.mpg.de/mpi-for-security-and-privacy/, 2
SP, https://www.cis.mpg.de/mpi-for-security-and-privacy/, 1
SWS, https://www.cis.mpg.de/mpi-sws/, 1
INF, https://www.cis.mpg.de/mpi-inf/, 1
SWS, https://www.cis.mpg.de/mpi-sws/, 1
SWS, https://www.cis.mpg.de/mpi-sws/, 1
SP, https://www.cis.mpg.de/mpi-for-security-and-privacy/, 1
INF, https://www.cis.mpg.de/mpi-inf/, 1
Zhiqiang Lin, http://web.cse.ohio-state.edu/~lin.3021, 35
Carter Yagemann, https://carteryagemann.com/, 7
Ten-Hwang Lai, http://web.cse.ohio-state.edu/~lai, 2
Ting Zhu 0001, https://engineering.osu.edu/people/zhu.3445, 2
Raef Bassily, https://sites.google.com/view/rbassily, 1
Atanas Rountev, http://web.cse.ohio-state.edu/~rountev, 1
Huan Sun 0001, http://web.cse.ohio-state.edu/~huansun, 1
Radu Teodorescu, http://web.cse.ohio-state.edu/~teodores, 1
Frank Piessens, https://distrinet.cs.kuleuven.be/people/frank, 15
Wouter Joosen, https://distrinet.cs.kuleuven.be/people/wouter, 8
Mathy Vanhoef, https://www.mathyvanhoef.com/, 7
Ingrid Verbauwhede, https://homes.esat.kuleuven.be/~iverbauw, 5
Stijn Volckaert, https://stijn-volckaert.github.io/personal, 3
Bart Preneel, https://homes.esat.kuleuven.be/~preneel, 2
Dominique Devriese, https://distrinet.cs.kuleuven.be/people/DominiqueDevriese, 1
Claudia Díaz, https://homes.esat.kuleuven.be/~cdiaz, 1
Nigel P. Smart, https://homes.esat.kuleuven.be/~nsmart, 1
Insu Yun, https://insuyun.github.io/, 8
Yongdae Kim, https://syssec.kaist.ac.kr/~yongdaek, 7
Sooel Son, https://cs.kaist.ac.kr/people/view?idx=553&kind=faculty&menu=160, 6
Sang Kil Cha, http://softsec.kaist.ac.kr/~sangkilc, 5
Jun Han 0001, https://www.junhan.org/, 5
Insik Shin, http://cps.kaist.ac.kr/~ishin, 5
Min Suk Kang, https://netsp.kaist.ac.kr/people, 4
Kihong Heo, https://kihongheo.kaist.ac.kr/, 3
Brent ByungHoon Kang, http://gsis.kaist.ac.kr/cysec/brentkang/brentkang, 2
Youngjin Kwon, https://sites.google.com/view/yjkwon/home, 2
Song Min Kim, https://sites.google.com/view/smilelab, 1
Jooyoung Lee 0001, https://sites.google.com/site/cryptkaist/home, 1
Noseong Park, https://sites.google.com/view/npark, 1
Jinwoo Shin, http://alinlab.kaist.ac.kr/shin.html, 1
Seungwon Shin, http://nss.kaist.ac.kr/?page_id=29, 1
Zhou Li 0001, https://faculty.sites.uci.edu/zhouli, 13
Gene Tsudik, http://www.ics.uci.edu/~gts, 11
Qi Alfred Chen, https://www.ics.uci.edu/~alfchen, 10
Habiba Farrukh, https://habiba-farrukh.github.io/, 5
Ardalan Amiri Sani, http://www.ics.uci.edu/~ardalan, 5
Michael Franz, http://www.michaelfranz.com/, 4
Mohammad Abdullah Al Faruque, http://aicps.eng.uci.edu/, 2
Mohsen Imani, http://moimani.weebly.com/, 2
Stanislaw Jarecki, http://www.ics.uci.edu/~stasio, 1
Scott Jordan 0001, http://www.ics.uci.edu/~sjordan, 1
Cristiano Giuffrida, https://www.vusec.net/people/cristiano-giuffrida, 24
Herbert Bos, http://www.cs.vu.nl/~herbertb, 20
Klaus von Gleissenthall, http://goto.ucsd.edu/~gleissen, 3
Erik van der Kouwe, https://www.vusec.net/people/erik-van-der-kouwe, 2
Maarten van Steen, http://www.distributed-systems.net/, 1
Damon McCoy, http://engineering.nyu.edu/people/damon-mccoy, 14
Brendan Dolan-Gavitt, http://engineering.nyu.edu/people/brendan-dolan-gavitt, 8
Danny Yuxing Huang, https://engineering.nyu.edu/faculty/danny-yuxing-huang, 5
Joseph Bonneau, http://jbonneau.com/, 4
Benedikt Bünz, http://crypto.stanford.edu/~buenz, 4
Rachel Greenstadt, https://www.cs.drexel.edu/~greenie, 4
Ramesh Karri, http://engineering.nyu.edu/people/ramesh-karri, 4
Michael Walfish, https://www.cs.nyu.edu/~mwalfish, 3
Sunoo Park, https://sunoopark.com/, 2
Justin Cappos, http://engineering.nyu.edu/people/justin-cappos, 1
Yevgeniy Dodis, http://www.cs.nyu.edu/~dodis, 1
Siddharth Garg, http://engineering.nyu.edu/people/siddharth-garg, 1
Nasir D. Memon, http://isis.poly.edu/memon, 1
Aurojit Panda, https://cs.nyu.edu/~apanda, 1
Thomas Wies, http://cs.nyu.edu/wies, 1
Haojin Zhu, https://www.cs.sjtu.edu.cn/PeopleDetail.aspx?id=62, 10
Dawu Gu, https://www.cs.sjtu.edu.cn/PeopleDetail.aspx?id=101, 8
Guoxing Chen, https://donnod.github.io/, 6
Yu Yu 0001, http://yuyu.hk/, 6
Yun Lin 0001, http://linyun.info/, 5
Yi-Chao Chen 0001, https://yichao0319.github.io/, 4
Haibo Chen 0001, http://ipads.se.sjtu.edu.cn/~hbchen, 2
Yuncong Hu, https://huyuncong.com/, 2
Dongyao Chen, https://chendy.tech/, 1
Ning Ding 0001, https://cs.sjtu.edu.cn/en/PeopleDetail.aspx?id=262, 1
Jinyu Gu 0001, https://ipads.se.sjtu.edu.cn/pub/members/jinyu_gu, 1
Haibing Guan, http://www.cs.sjtu.edu.cn/~hbguan, 1
Yu Long 0001, https://www.facebook.com/public/Long-Yu/school/Shanghai-Jiao-Tong-University-109235979095677, 1
Jialiang Lu, https://cs.sjtu.edu.cn/en/PeopleDetail.aspx?id=334, 1
Zeyu Mi, https://ipads.se.sjtu.edu.cn/pub/members/zeyu_mi, 1
Geng Wang, http://www.se.sjtu.edu.cn/teacher/teacherdetail.aspx?id=25, 1
Yubin Xia, https://ipads.se.sjtu.edu.cn/yubin_xia, 1
Guangtao Xue, http://www.cs.sjtu.edu.cn/~xue-gt, 1
Yong Yu 0001, https://apex.sjtu.edu.cn/members/yyu, 1
Binyu Zang, https://ipads.se.sjtu.edu.cn/zh/pub/members/binyu_zang, 1
Weinan Zhang 0001, http://wnzhang.net/, 1
Yuanyuan Zhang 0002, http://yyjess.com/, 1
Prateek Mittal, http://www.princeton.edu/~pmittal, 22
Pramod Viswanath, https://ece.princeton.edu/people/pramod-viswanath, 6
Jonathan R. Mayer, https://www.cs.princeton.edu/~jrmayer, 5
Jennifer Rexford, http://www.cs.princeton.edu/~jrex, 5
Arvind Narayanan, http://randomwalker.info/, 2
Amit A. Levy, https://www.amitlevy.com/, 1
S. Matthew Weinberg, https://www.cs.princeton.edu/~smattw, 1
Gianluca Stringhini, https://seclab.bu.edu/people/gianluca, 15
Manuel Egele, https://www.bu.edu/eng/profile/manuel-egele, 11
Mayank Varia, https://www.bu.edu/cds-faculty/profile/mayank-varia, 5
Leonid Reyzin, https://www.cs.bu.edu/~reyzin, 3
Ran Canetti, http://www.cs.bu.edu/fac/canetti, 1
Marco Gaboardi, http://cs-people.bu.edu/gaboardi, 1
Sharon Goldberg, http://www.cs.bu.edu/~goldbe, 1
Vasiliki Kalavri, http://people.inf.ethz.ch/kalavriv, 1
George Kollios, http://www.cs.bu.edu/~gkollios, 1
John Liagouris, https://cs-people.bu.edu/liagos, 1
Pedro Moreno-Sanchez, https://software.imdea.org/people/pedro.moreno/index.html, 9
Boris Köpf, http://software.imdea.org/~bkoepf, 8
Juan Caballero, http://software.imdea.org/people/juan.caballero, 7
Marco Guarnieri, https://mguarnieri.github.io/, 6
Dario Fiore 0001, http://www.dariofiore.it/, 4
Georgios Portokalidis, https://www.portokalidis.net/, 4
Tadayoshi Kohno, http://homes.cs.washington.edu/~yoshi, 13
Franziska Roesner, http://www.franziroesner.com/, 12
David Kohlbrenner, https://homes.cs.washington.edu/~dkohlbre, 5
Nirvan Tyagi, https://www.cs.cornell.edu/~tyagi, 5
Stefano Tessaro, http://www.cs.ucsb.edu/~tessaro, 4
Baris Kasikci, http://www.bariskasikci.org/, 3
Huijia Lin, http://www.cs.ucsb.edu/~rachel.lin, 1
Giovanni Vigna, https://www.cs.ucsb.edu/~vigna, 26
Christopher Krügel, http://www.cs.ucsb.edu/~chris, 25
Yu Feng 0001, http://fredfeng.github.io/, 3
Arpit Gupta, https://sites.cs.ucsb.edu/~arpitgupta, 2
Amr El Abbadi, https://www.cs.ucsb.edu/~amr, 1
Divyakant Agrawal, https://www.cs.ucsb.edu/~agrawal, 1
Tevfik Bultan, http://www.cs.ucsb.edu/~bultan, 1
Xinyu Xing, http://xinyuxing.org/, 28
Xiao Wang 0012, https://wangxiao1254.github.io/, 14
Yan Chen 0004, http://www.cs.northwestern.edu/~ychen, 3
Simone Campanoni, http://www.mccormick.northwestern.edu/research-faculty/directory/profiles/campanoni-simone.html, 1
Peter A. Dinda, http://www.cs.northwestern.edu/~pdinda, 1
Yasemin Acar, https://yaseminacar.de/, 28
Juraj Somorovsky, https://www.uni-paderborn.de/person/83504, 13
Patricia Arias Cabarcos, https://www.uni-paderborn.de/en/person/92804, 3
Johannes Blömer, http://cs.uni-paderborn.de/cuk/personal/johannes-bloemer, 1
Charalampos Papamanthou, https://www.cs.yale.edu/homes/cpap, 15
Fan Zhang 0022, https://www.fanzhang.me/, 8
Ruzica Piskac, http://www.cs.yale.edu/~piskac, 4
Jakub Szefer, http://seas.yale.edu/faculty-research/faculty-directory/jakub-szefer, 4
Ben Fisch, https://cpsc.yale.edu/people/ben-fisch, 3
Anurag Khandelwal, http://anuragkhandelwal.com/, 2
Zhong Shao, http://www.cs.yale.edu/~shao, 2
Katerina Sotiraki, https://sotiraki.com/, 1
Davide Balzarotti, http://www.s3.eurecom.fr/~balzarot, 17
Simone Aonzo, https://simoneaonzo.it/, 5
Daniele Antonioli, https://francozappa.github.io/, 4
Aurélien Francillon, http://www.s3.eurecom.fr/~aurel, 4
Yinzhi Cao, https://www.cs.jhu.edu/~yzcao, 17
Matthew Green 0001, https://isi.jhu.edu/~mgreen, 10
Abhishek Jain 0002, https://www.cs.jhu.edu/faculty/abhishek-jain, 6
Susan Hohenberger, http://www.cs.jhu.edu/~susan, 3
Alexander Marder, https://alexmarder.github.io/, 1
Aviel D. Rubin, http://avirubin.com/, 1
Shuai Wang 0011, https://home.cse.ust.hk/~shuaiw, 10
Dimitrios Papadopoulos 0001, https://www.cse.ust.hk/~dipapado, 8
Charles Zhang 0001, http://www.cs.ust.hk/~charlesz, 6
Ke Yi 0001, https://www.cse.ust.hk/~yike, 4
Kai Chen 0005, http://www.cse.ust.hk/~kaichen, 2
Shing-Chi Cheung, https://www.cse.ust.hk/~scc, 2
Bo Li 0001, https://www.cse.ust.hk/~bli, 1
Jiasi Shen 0001, http://shenjiasi.com/, 1
Wei Wang 0030, https://www.cse.ust.hk/~weiwa, 1
Qiang Yang 0001, http://www.cs.ust.hk/~qyang, 1
William Enck, http://www.enck.org/, 9
Alexandros Kapravelos, https://www.kapravelos.com/, 9
Bradley Reaves, https://bradreaves.net/, 8
Dominik Wermke, https://dwermke.com/, 6
Anupam Das 0001, https://www.anupamdas.org/, 3
Alessandra Scafuro, http://www.ascafuro.com/, 2
Wujie Wen, https://www.lehigh.edu/~wuw219, 2
Jung-Eun Kim, https://jungeunkim.wordpress.ncsu.edu/, 1
Man-Ki Yoon, https://mankiyoon.github.io/, 1
Daniel Gruss, https://gruss.cc/, 28
Stefan Mangard, https://www.iaik.tugraz.at/content/about_iaik/people/mangard_stefan, 14
Christian Rechberger, https://www.iaik.tugraz.at/content/about_iaik/people/rechberger_christian, 4
Maria Eichlseder, https://eichlseder.at/, 2
Roderick Bloem, https://www.iaik.tugraz.at/content/about_iaik/people/bloem_roderick, 1
Yinqian Zhang, http://yinqian.org/, 28
Fengwei Zhang, http://cse.sustech.edu.cn/faculty/~zhangfw, 7
Tianyue Zheng, https://www.sustech.edu.cn/en/faculties/zhengtianyue.html, 2
Kevin R. B. Butler, http://cise.ufl.edu/~butler, 14
Patrick Traynor, https://www.cise.ufl.edu/~traynor, 13
Sara Rampazzi, https://sararampazzi.com/, 7
Thomas Shrimpton, https://cise.ufl.edu/~teshrim, 7
Vincent Bindschaedler, https://vbinds.ch/, 2
Lisa Anthony, https://lisa-anthony.com/, 1
Elissa M. Redmiles, https://elissaredmiles.com/, 19
Muthuramakrishnan Venkitasubramaniam, https://muthu.georgetown.domains/, 5
Micah Sherr, https://security.cs.georgetown.edu/~msherr, 4
Benjamin E. Ujcich, https://personal.benujcich.georgetown.domains/, 3
Kobbi Nissim, http://people.cs.georgetown.edu/~kobbi, 2
Justin Thaler, http://people.cs.georgetown.edu/jthaler, 1
Wenchao Zhou, http://people.cs.georgetown.edu/~wzhou, 1
Suman Jana, http://sumanj.info/, 15
Asaf Cidon, https://www.asafcidon.com/, 3
Jason Nieh, https://www.cs.columbia.edu/~nieh, 3
Baishakhi Ray, http://rayb.info/, 3
Ronghui Gu, https://www.cs.columbia.edu/~rgu, 2
Junfeng Yang, http://www.cs.columbia.edu/~junfeng, 2
Steven M. Bellovin, https://www.cs.columbia.edu/~smb, 1
Luca P. Carloni, http://www.cs.columbia.edu/~luca, 1
Roxana Geambasu, https://roxanageambasu.github.io/, 1
Daniel Hsu 0001, http://www.cs.columbia.edu/~djhsu, 1
Timothy Roughgarden, http://timroughgarden.org/, 1
Simha Sethumadhavan, http://www.cs.columbia.edu/~simha, 1
Changxi Zheng, http://www.cs.columbia.edu/~cxz, 1
Kangjie Lu, https://www.cs.umn.edu/people/kangjie-lu, 25
Nicholas Hopper, https://www-users.cs.umn.edu/~hopper, 4
Stephen McCamant, http://www-users.cs.umn.edu/~mccamant, 2
Pen-Chung Yew, http://www-users.cs.umn.edu/~yew, 2
Mattia Fazzini, https://www-users.cs.umn.edu/~mfazzini, 1
Kai Chen 0012, http://www.kaichen.org/, 25
Guozhu Meng, https://impillar.github.io/, 6
Yanjun Wu, http://people.ucas.ac.cn/~wuyanjun, 3
Zhenfeng Zhang, http://people.ucas.ac.cn/~zfzhang, 3
JingZheng Wu, http://people.ucas.ac.cn/~jingzheng, 2
Yan Cai 0001, http://lcs.ios.ac.cn/~yancai, 1
Lian Li 0002, http://people.ucas.ac.cn/~lianli, 1
Jingqiang Lin, http://www.escience.cn/people/linjingqiang/index.html, 1
Iasonas Polakis, https://www.cs.uic.edu/~polakis, 15
Chris Kanich, https://www.cs.uic.edu/~ckanich, 6
V. N. Venkatakrishnan, https://www.cs.uic.edu/~venkat, 4
Anrin Chakraborti, https://anrin.xyz/, 3
Elena Zheleva, https://www.cs.uic.edu/~elena, 2
A. Prasad Sistla, https://www.cs.uic.edu/Sistla, 1
Amir Houmansadr, https://www.cics.umass.edu/~amir, 12
Shiqing Ma, https://people.cs.umass.edu/~shiqingma, 9
Pubali Datta, https://pdatta2.web.illinois.edu/, 3
Juan Zhai, https://people.cs.umass.edu/~juanzhai, 3
Mohit Iyyer, https://cs.umd.edu/~miyyer, 1
David D. Jensen, https://people.cs.umass.edu/~jensen, 1
Brian Neil Levine, https://people.cs.umass.edu/~brian, 1
Adam O'Neill, https://www.cics.umass.edu/people/oneill-adam, 1
Don Towsley, https://www.cics.umass.edu/faculty/directory/towsley_donald, 1
Matthew Hicks, http://www.impedimenttoprogress.com/, 8
Taejoong Chung, https://taejoong.github.io/, 6
Peng Gao 0008, https://people.cs.vt.edu/penggao, 5
Bimal Viswanath, https://people.cs.vt.edu/vbimal, 5
Danfeng Yao, http://people.cs.vt.edu/danfeng, 4
Ruoxi Jia 0001, https://ece.vt.edu/people/profile/ruoxijia.html, 3
Thang Hoang, https://website.cs.vt.edu/people/faculty/thang-hoang.html, 2
Wenjing Lou, http://www.cnsr.ictas.vt.edu/WJLou.html, 2
Francisco Servant, http://people.cs.vt.edu/fservant, 2
Chandan K. Reddy, http://www.cs.vt.edu/~reddy, 1
Dan Williams 0001, https://people.cs.vt.edu/djwillia, 1
Sebastian Angel, https://cis.upenn.edu/~sga001, 8
Pratyush Mishra, https://pratyushmishra.com/, 5
Tal Rabin, https://en.wikipedia.org/wiki/Tal_Rabin, 4
Mayur Naik, http://www.cis.upenn.edu/~mhnaik, 3
André DeHon, https://www.seas.upenn.edu/~andre, 2
Sampath Kannan, https://www.cis.upenn.edu/~kannan, 2
Rajeev Alur, https://www.cis.upenn.edu/~alur, 1
Osbert Bastani, https://obastani.github.io/, 1
Insup Lee 0001, http://www.cis.upenn.edu/~lee, 1
Linh T. X. Phan, http://www.cis.upenn.edu/~linhphan, 1
Benjamin C. Pierce, http://www.cis.upenn.edu/~bcpierce, 1
Steve Zdancewic, http://www.cis.upenn.edu/~stevez, 1
Daniel Moghimi, https://moghimi.org/, 11
Hovav Shacham, http://cseweb.ucsd.edu/~hovav, 7
David J. Wu 0001, https://www.cs.utexas.edu/~dwu4, 6
Isil Dillig, http://www.cs.utexas.edu/~isil, 2
Brent Waters, http://www.cs.utexas.edu/~bwaters, 2
Swarat Chaudhuri, https://www.cs.utexas.edu/~swarat, 1
Daehyeok Kim, https://daehyeok.kim/, 1
Eyal Ronen, https://eyalro.net/, 11
Eran Tromer, http://www.tau.ac.il/~tromer, 10
Adam Morrison 0001, http://www.cs.tau.ac.il/~mad, 4
Mahmood Sharif, https://mahmoods01.github.io/, 3
Tianhao Wang 0001, https://tianhao.wang/, 15
David Evans 0001, http://www.cs.virginia.edu/~evans, 4
Wajih Ul Hassan, https://www.cs.virginia.edu/~hur7wv, 4
Jack W. Davidson, https://engineering.virginia.edu/faculty/jack-w-davidson, 3
Mohammad Mahmoody, http://www.cs.virginia.edu/~mohammad, 2
Yixin Sun, https://www.cs.princeton.edu/~yixins, 2
Sandhya Dwarkadas, https://engineering.virginia.edu/faculty/sandhya-dwarkadas, 1
Samira Manabi Khan, http://www.cs.virginia.edu/~smk9u, 1
Ashish Venkat, http://www.cs.virginia.edu/venkat, 1
Ivan Oliveira Nunes, https://www.rit.edu/directory/ixdics-ivan-de-oliveira-nunes, 6
Matthew Wright 0001, https://www.rit.edu/gccis/computingsecurity/people/matthew-wright, 6
Billy Bob Brumley, https://www.rit.edu/directory/bbbics-billy-brumley, 5
Yinxi Liu, https://yinxi.site/, 3
Arthur Azevedo de Amorim, http://arthuraa.net/, 1
Minseok Kwon, https://www.cs.rit.edu/~jmk, 1
Xueling Zhang, https://xuelingz.github.io/, 1
Xiapu Luo, https://www4.comp.polyu.edu.hk/~csxluo, 31
Man Ho Au, https://web.comp.polyu.edu.hk/mhaau, 3
Bin Xiao 0001, https://www4.comp.polyu.edu.hk/~csbxiao, 2
Jiannong Cao 0001, http://www4.comp.polyu.edu.hk/~csjcao, 1
Lei Yang 0025, https://www4.comp.polyu.edu.hk/~csyanglei/#/pages/profile/about, 1
Byoungyoung Lee, https://lifeasageek.github.io/, 17
Yunheung Paek, http://sor.snu.ac.kr/document/professors, 4
Jung Hee Cheon, http://www.math.snu.ac.kr/~jhcheon/xe2, 2
Ted Taekyoung Kwon, http://mmlab.snu.ac.kr/~tk, 2
Jangwoo Kim, https://hpcs.snu.ac.kr/~jangwoo, 1
Ivan Martinovic, https://www.cs.ox.ac.uk/people/ivan.martinovic, 9
Kasper Bonne Rasmussen, http://www.cs.ox.ac.uk/people/kasper.rasmussen, 5
Ivan Flechais, https://www.cs.ox.ac.uk/people/ivan.flechais, 2
Tom Melham, http://www.cs.ox.ac.uk/tom.melham/home.html, 2
Marta Z. Kwiatkowska, http://www.cs.ox.ac.uk/marta.kwiatkowska, 1
Nicolas Papernot, https://www.papernot.fr/, 11
David Lie, http://www.eecg.toronto.edu/~lie, 6
Gururaj Saileshwar, https://gururaj-s.github.io/, 4
Akshayaram Srinivasan, https://www.cs.toronto.edu/~akshayaram, 2
Syed Ishtiaque Ahmed, http://web.cs.toronto.edu/news/events/dcsl_mar28.htm, 1
Eitan Grinspun, http://www.cs.columbia.edu/~eitan, 1
Kuldeep S. Meel, https://www.cs.toronto.edu/~meel, 1
Aggelos Kiayias, http://www.inf.ed.ac.uk/people/staff/Aggelos_Kiayias.html, 9
Markulf Kohlweiss, https://www.inf.ed.ac.uk/people/staff/Markulf_Kohlweiss.html, 4
Jingjie Li, http://www.inf.ed.ac.uk/people/staff/Jingjie_Li.html, 3
Daniel W. Woods, http://www.inf.ed.ac.uk/people/staff/Daniel_Woods.html, 2
Marc Juarez, http://www.inf.ed.ac.uk/people/staff/Marc_Juarez_Miro.html, 1
Yuvraj Patel, http://www.inf.ed.ac.uk/people/staff/Yuvraj_Patel.html, 1
Paul Patras, http://homepages.inf.ed.ac.uk/ppatras, 1
Ian Stark, http://www.inf.ed.ac.uk/people/staff/Ian_Stark.html, 1
Yuval Ishai, http://www.cs.technion.ac.il/~yuvali, 11
Ittay Eyal, http://webee.technion.ac.il/people/ittay, 5
Dana Drachsler-Cohen, https://www.sri.inf.ethz.ch/people/dana, 4
Mark Silberstein, https://sites.google.com/site/silbersteinmark, 4
Joseph Keshet, https://keshet.net.technion.ac.il/, 1
Aviv Tamar, https://people.eecs.berkeley.edu/~avivt, 1
Ziming Zhao 0001, http://zzm7000.github.io/, 10
Hongxin Hu, https://cse.buffalo.edu/~hongxinh, 7
Xianghang Mi, https://xianghang.me/, 5
Wenyao Xu, https://www.cse.buffalo.edu/~wenyaoxu, 5
Chunming Qiao, http://www.cse.buffalo.edu/~qiao, 3
Alexander Russell, http://www.engr.uconn.edu/~acr, 7
Yuan Hong, https://yhongcs.github.io/, 6
Seyedhamed Ghavamnia, https://hamed-ghavamnia.scholar.uconn.edu/, 3
Benjamin Fuller 0001, http://benjamin-fuller.uconn.edu/, 2
Amir Herzberg, https://sites.google.com/site/amirherzberg, 2
Caiwen Ding, https://caiwending.cse.uconn.edu/, 1
Minmei Wang, https://archer-w.github.io/, 1
Benny Pinkas, http://www.pinkas.net/, 11
Gilad Asharov, https://u.cs.biu.ac.il/~asharog, 5
Yehuda Lindell, https://u.cs.biu.ac.il/~lindell, 4
Eylon Yogev, https://www.eylonyogev.com/, 1
Xueqiang Wang, https://xw48.github.io/, 9
David Mohaisen, http://cs.ucf.edu/~mohaisen, 6
Fan Yao, http://fan-yao.com/, 5
Kevin Moran, https://www.kpmoran.com/, 3
Mary Jean Amon, https://www.ist.ucf.edu/People/IST-Mary-Jean-Amon, 1
Yan Solihin, https://sites.google.com/view/arpers, 1
Adam J. Aviv, https://adamaviv.com/, 13
Xiuzhen Cheng 0001, https://www.seas.gwu.edu/~cheng, 4
Arkady Yerukhimovich, https://www2.seas.gwu.edu/~arkady, 3
Sibin Mohan, https://sibin.github.io/, 2
Poorvi L. Vora, https://www.seas.gwu.edu/~poorvi, 2
Guofei Gu, http://faculty.cs.tamu.edu/guofei, 14
Nitesh Saxena, https://nsaxena.engr.tamu.edu/, 4
Jeff Huang 0001, https://parasol.tamu.edu/~jeff, 3
Samson Zhou, https://samsonzhou.github.io/, 2
Ning Zhang 0017, https://n1ngz.github.io/, 13
Umar Iqbal 0002, https://engineering.wustl.edu/faculty/Umar-Iqbal.html, 6
Yevgeniy Vorobeychik, http://vorobeychik.com/, 3
Sanjoy K. Baruah, https://sites.wustl.edu/baruah, 1
Tao Ju, http://www.cs.wustl.edu/~taoju, 1
Chenyang Lu 0001, http://www.cs.wustl.edu/~lu, 1
William Yeoh 0001, https://sites.wustl.edu/wyeoh, 1
Dan Boneh, http://crypto.stanford.edu/~dabo, 14
Zakir Durumeric, https://zakird.com/, 6
David Mazières, http://www.scs.stanford.edu/~dm, 2
Dawson R. Engler, http://web.stanford.edu/~engler, 1
Diyi Yang, https://cs.stanford.edu/~diyiy, 1
Matteo Maffei, https://secpriv.tuwien.ac.at/team/univ_prof_matteo_maffei, 15
Martina Lindorfer, https://secpriv.tuwien.ac.at/team/martina, 2
Georg Fuchsbauer, http://www.di.ens.fr/~fuchsbau, 1
Laura Kovács, https://forsyte.at/people/kovacs, 1
Debin Gao, http://flyer.sis.smu.edu.sg/, 4
Jun Sun 0001, https://www.smu.edu.sg/faculty/profile/161031/SUN-Jun, 4
Xiaofei Xie, https://scis.smu.edu.sg/faculty/profile/6291/xie-xiaofei, 4
Xuhua Ding, https://www.smu.edu.sg/faculty/profile/9612/DING-XuHua, 3
Yue Duan, https://scis.smu.edu.sg/faculty/profile/7421/duan-yue, 3
Robert H. Deng, https://www.smu.edu.sg/faculty/profile/9611/Robert-H-DENG, 1
Lingxiao Jiang, http://www.mysmu.edu/faculty/lxjiang, 1
David Lo 0001, http://www.mysmu.edu/faculty/davidlo, 1
Zubair Shafiq, https://www.cs.ucdavis.edu/~zubair, 8
Houman Homayoun, https://www.ece.ucdavis.edu/~hhomayou, 5
Hao Chen 0003, http://web.cs.ucdavis.edu/~hchen, 3
Samuel T. King, https://bob.cs.ucdavis.edu/, 2
Xin Liu 0002, http://www.cs.ucdavis.edu/~liu, 1
Prasant Mohapatra, http://faculty.engineering.ucdavis.edu/mohapatra, 1
Avesta Sasan, https://www.ece.ucdavis.edu/~avesta/index.html, 1
Aditya V. Thakur, http://thakur.cs.ucdavis.edu/, 1
Andrew Kwong, https://andrewkwong.org/, 10
Saba Eskandarian, https://www.cs.unc.edu/~saba, 5
Donald E. Porter, http://www.cs.unc.edu/~porter, 1
Colin Raffel, https://colinraffel.com/, 1
Cynthia Sturton, http://cs.unc.edu/~csturton, 1
Amit Klein 0001, https://www.securitygalore.com/, 5
Yossi Gilad, https://www.cs.huji.ac.il/~yossigi, 3
Aviv Zohar, http://www.cs.huji.ac.il/~avivz, 3
Yossi Adi, https://www.cs.huji.ac.il/~adiyoss, 1
Ilan Komargodski, https://www.cs.huji.ac.il/~ilank, 1
Yang Liu 0003, https://www3.ntu.edu.sg/home/yangliu, 17
Tianwei Zhang 0004, https://personal.ntu.edu.sg/tianwei.zhang, 7
Jun Luo 0001, https://www3.ntu.edu.sg/home/junluo, 2
Ying He 0001, https://www3.ntu.edu.sg/home/yhe, 1
Shangwei Lin 0001, http://www.ntu.edu.sg/home/shang-wei.lin, 1
Thomas Peyrin, https://thomaspeyrin.github.io/web, 1
Conrad Watt, https://conrad-watt.github.io/, 1
Srini Devadas, https://people.csail.mit.edu/devadas, 7
Mengjia Yan 0001, https://people.csail.mit.edu/mengjia, 3
Vinod Vaikuntanathan, http://www.mit.edu/~vinodv, 2
Ryan Williams, http://web.stanford.edu/~rrwill, 2
Nickolai Zeldovich, https://people.csail.mit.edu/nickolai, 2
Bonnie Berger, https://people.csail.mit.edu/bab, 1
Adam Chlipala, http://adam.chlipala.net/, 1
Silvio Micali, https://people.csail.mit.edu/silvio, 1
Martin C. Rinard, http://people.csail.mit.edu/rinard, 1
Jun Xu 0024, https://www.cs.utah.edu/~junxzm, 11
Stefan Nagy, https://www.cs.utah.edu/~snagy, 5
Mu Zhang 0001, https://www.cs.utah.edu/~muzhang, 3
Sameer Patil, https://www.sameerpatil.com/, 2
Luis Garcia 0001, https://lagarcia.us/, 1
Harm Griffioen, https://harmgriffioen.github.io/, 4
Kaitai Liang, https://www.tudelft.nl/ewi/over-de-faculteit/afdelingen/intelligent-systems/cybersecurity/computational-privacy/people/kaitai-liang, 4
Stjepan Picek, https://www.tudelft.nl/en/staff/s.picek, 3
Evangelia Anna Markatou, https://markatou.github.io/, 2
Zekeriya Erkin, https://www.tudelft.nl/staff/z.erkin, 1
Guohao Lan, https://guohao.netlify.app/, 1
Giovane Cesar Moreira Moura, http://giovane-moura.nl/, 1
Georgios Smaragdakis, https://gsmaragd.github.io/, 1
Qun Song 0001, https://song-qun.github.io/, 1
Alexios Voulimeneas, https://alexios-voulimeneas.github.io/, 1
Kangkook Jee, https://kangkookjee.github.io/, 6
Chung Hwan Kim, https://chungkim.io/, 5
Murat Kantarcioglu, http://www.utdallas.edu/~muratk, 4
Wei Yang 0013, http://web.engr.illinois.edu/~weiyang3, 3
Kevin W. Hamlen, http://www.utdallas.edu/~hamlen, 2
Shiyi Wei, http://utdallas.edu/~swei, 2
Bhavani Thuraisingham, http://www.utdallas.edu/~bhavani.thuraisingham, 1
Xinda Wang 0001, https://xindawang.org/, 1
Jeremy Blackburn, https://www.binghamton.edu/computer-science/contact/profile.html?id=jblackbu, 5
Zeyu Ding 0001, https://www.binghamton.edu/computer-science/people/profile.html?id=dding1, 3
Aravind Prakash, https://www.binghamton.edu/cs/people/aprakash.html, 3
Adnan Siraj Rakin, https://www.binghamton.edu/computer-science/people/profile.html?id=arakin, 3
Kanad Ghose, http://www.cs.binghamton.edu/~ghose, 1
Yu David Liu, http://www.cs.binghamton.edu/~davidl, 1
Dmitry V. Ponomarev, http://www.cs.binghamton.edu/~dima, 1
Seunghee Shin, https://sites.google.com/binghamton.edu/seunghee, 1
Yves-Alexandre de Montjoye, https://www.imperial.ac.uk/computing/people/academic-staff, 6
Antoine Cully, https://www.imperial.ac.uk/people/a.cully, 3
Hamed Haddadi, https://haddadi.github.io/, 3
William J. Knottenbelt, http://www.imperial.ac.uk/people/w.knottenbelt, 2
Emil C. Lupu, http://www.imperial.ac.uk/people/e.c.lupu, 1
Sergio Maffeis, https://www.doc.ic.ac.uk/~maffeis, 1
Marek Rei, https://www.marekrei.com/, 1
Ding Li 0001, https://marapapman.github.io/, 10
Yao Guo 0001, http://sei.pku.edu.cn/~yaoguo, 5
Xiangqun Chen, http://www.sei.pku.edu.cn/people/cherry, 4
Ping Wang 0003, https://ics.pku.edu.cn/gywm/jsgrzy/1066633d7d214263a734d50eb7454f6f.htm, 4
Tao Xie 0001, https://taoxiease.github.io/, 3
Xin Jin 0008, https://xinjin.github.io/, 2
Yansong Feng, https://sites.google.com/site/ysfeng/home, 1
Xinhui Han, http://162.105.163.117/index.php?s=/Home/Article/detail/id/557.html, 1
Katharina Kohls, https://kkohls.org/index.html, 4
Veelasha Moonsamy, https://www.veelasha.org/, 4
Gunes Acar, https://gunesacar.net/, 3
Lejla Batina, http://www.cs.ru.nl/~lejla, 3
Robbert Krebbers, http://robbertkrebbers.nl/, 1
Bart Mennink, http://www.cs.ru.nl/~bmennink/index.php, 1
Peter Scholl, https://pascholl.github.io/, 5
Diego F. Aranha, https://dfaranha.github.io/, 4
Claudio Orlandi, https://cs.au.dk/~orlandi, 4
Ivan Damgård, https://cs.au.dk/~ivan, 2
Lars Birkedal, http://cs.au.dk/~birke, 1
Jesper Buus Nielsen, https://pure.au.dk/portal/en/persons/jesper-buus-nielsen(f428c4b3-80b3-403a-ada6-9ecb0fad97b2).html, 1
Bas Spitters, https://cs.au.dk/~spitters, 1
Wei Meng 0001, https://www.cse.cuhk.edu.hk/~wei, 9
John C. S. Lui, http://www.cse.cuhk.edu.hk/~cslui, 1
Michael R. Lyu, http://www.cse.cuhk.edu.hk/lyu, 1
Qiang Xu 0001, http://www.cse.cuhk.edu.hk/~qxu, 1
Haoyu Wang 0001, https://howiepku.github.io/, 10
Hai Jin 0001, http://faculty.hust.edu.cn/jinhai/en/index.htm, 7
Deqing Zou, http://faculty.hust.edu.cn/zoudeqing/en/index.htm, 4
Laurence T. Yang, http://faculty.hust.edu.cn/yangtianruo/en/index.htm, 3
Shengshan Hu, http://faculty.hust.edu.cn/HUSHENGSHAN/en/index.htm, 1
Xiaojing Ma 0002, http://faculty.hust.edu.cn/maxiaojing/en/index.htm, 1
John V. Monaco, http://www.vmonaco.com/, 3
Armon Barton, https://armonbarton.com/, 1
Britta Hale, http://faculty.nps.edu/haleb, 1
Joshua A. Kroll, https://www.jkroll.com/, 1
Tao Wang 0012, https://www.sfu.ca/computing/people/faculty/tao-wang.html, 5
Jian-Liang Wu, https://allenjlw.github.io/, 5
Vasileios P. Kemerlis, https://cs.brown.edu/~vpk, 5
Roberto Tamassia, http://cs.brown.edu/~rt, 5
Nikos Vasilakis, https://nikos.vasilak.is/, 2
Seny Kamara, https://cs.brown.edu/~seny, 1
Anna Lysyanskaya, https://cs.brown.edu/people/anna, 1
Peihan Miao 0001, https://sites.google.com/view/peihanmiao/home, 1
Cong Wang 0001, https://www.cs.cityu.edu.hk/~congwang, 9
Qingchuan Zhao, https://bruceqczhao.github.io/, 5
Xiaohua Jia, https://www.cs.cityu.edu.hk/~jia, 2
Weitao Xu, https://www.weitaoxu.com/, 2
Jun Huang 0001, https://www.cs.cityu.edu.hk/~jhuan9, 1
Jianping Wang 0001, https://www.cs.cityu.edu.hk/~jianwang, 1
Nuno Santos 0001, https://imm.medicina.ulisboa.pt/en/investigacao/labs/santos-nuno-c-lab, 5
Luís E. T. Rodrigues, http://www.gsd.inesc-id.pt/~ler, 3
Pedro Adão, https://www.it.pt/Members/Index/1909, 2
Alysson Neves Bessani, https://ciencias.ulisboa.pt/perfil/anbessani, 1
Miguel Correia 0001, http://www.gsd.inesc-id.pt/~mpc, 1
Bernardo Ferreira, https://ciencias.ulisboa.pt/en/perfil/blferreira, 1
José Fragoso Santos, http://web.ist.utl.pt/jose.fragoso, 1
Marius Muench, https://www.mariusmue.com/, 5
Tom Chothia, https://www.birmingham.ac.uk/staff/profiles/computer-science/academic-staff/chothia-tom.aspx, 4
Flavio D. Garcia, https://www.birmingham.ac.uk/staff/profiles/computer-science/academic-staff/garcia-flavio.aspx, 4
David F. Oswald, https://www.birmingham.ac.uk/staff/profiles/computer-science/academic-staff/oswald-david.aspx, 4
Pascal Berrang, https://www.birmingham.ac.uk/staff/profiles/computer-science/academic-staff/berrang-pascal.aspx, 1
Yuan Tian 0001, https://www.ytian.info/, 11
Rafail Ostrovsky, http://www.cs.ucla.edu/~rafail, 6
Mani B. Srivastava, http://www.ee.ucla.edu/mani-srivastava, 2
Alvaro A. Cárdenas, https://users.soe.ucsc.edu/~alacarde, 6
Ioannis Demertzis, https://idemertzis.com/, 3
Abhradeep Thakurta, https://aguhatha.github.io/, 3
Cormac Flanagan, https://users.soe.ucsc.edu/~cormac, 1
Mohsen Lesani, https://mohsenlesani.github.io/, 1
Yang Liu 0018, http://www.yliuu.com/, 1
Chen Qian 0001, https://www.soe.ucsc.edu/people/qian, 1
Alastair R. Beresford, https://www.cl.cam.ac.uk/~arb33, 4
Ross J. Anderson, https://www.cl.cam.ac.uk/~rja14, 3
Timothy M. Jones 0001, https://www.cl.cam.ac.uk/~tmj32, 2
Simon W. Moore, https://www.cl.cam.ac.uk/~swm11, 2
Peter Sewell, https://www.cl.cam.ac.uk/~pes20, 2
Robert N. M. Watson, https://www.cl.cam.ac.uk/~rnw24, 2
Nicholas D. Lane, https://www.cst.cam.ac.uk/people/ndl32, 1
Ralf Küsters, https://sec.informatik.uni-stuttgart.de/people/kuesters, 7
Michael Pradel, http://software-lab.org/people/Michael_Pradel.html, 6
Yuval Elovici, https://cyber.bgu.ac.il/yuval, 8
Yossef Oren, https://iss.oy.ne.ro/, 5
Asaf Shabtai, http://www.ise.bgu.ac.il/engineering/PersonalWebSite1main.aspx?id=VrjseMur, 2
Aryeh Kontorovich, https://www.cs.bgu.ac.il/~karyeh, 1
Arthur Gervais, http://arthurgervais.com/, 9
Lorenzo Cavallaro, https://s2lab.cs.ucl.ac.uk/people/sullivan, 6
Philipp Jovanovic, https://philipp.jovanovic.io/, 2
Tristan Caulfield, https://iris.ucl.ac.uk/iris/browse/profile?upi=TCAUL00, 1
Minhui Xue, https://www.adelaide.edu.au/directory/jason.xue, 14
Xiaogang Zhu 0001, https://www.adelaide.edu.au/directory/xiaogang.zhu, 3
Damith Chinthana Ranasinghe, http://www.adelaide.edu.au/directory/damith.ranasinghe, 1
Markus Wagner 0007, https://cs.adelaide.edu.au/~markus, 1
Bogdan Carbunar, https://users.cs.fiu.edu/~carbunar, 5
A. Selcuk Uluagac, http://nweb.eng.fiu.edu/selcuk, 5
Ruimin Sun, https://www.ruiminsun.com/, 4
Amin Kharraz, https://kharraz.org/, 1
Joseph K. Liu, http://users.monash.edu.au/~kailiu, 4
Ron Steinfeld, http://users.monash.edu.au/~rste, 4
Xingliang Yuan, https://xyuancs.github.io/, 4
Muhammed F. Esgin, https://mfesgin.github.io/, 3
Amin Sakzad, https://research.monash.edu/en/persons/amin-sakzad, 3
Xiaoning Du 0001, https://xiaoningdu.github.io/, 2
Jian Liu 0001, http://web.eecs.utk.edu/~jliu, 4
Doowon Kim, https://www.eecs.utk.edu/people/doowon-kim, 3
Scott Ruoti, https://isrl.byu.edu/researchers/scott-ruoti, 3
Max Schuchard, https://web.eecs.utk.edu/~mschucha/index.html, 3
Yueqi Chen 0001, http://cusecurity.cs.colorado.edu/yueqichen, 10
Eric Wustrow, https://ericw.us/trow, 4
Maria Leonor Pacheco, https://www.colorado.edu/cs/maria-l-pacheco, 1
Yuekang Li, https://thepatrickstar.github.io/, 10
Hammond A. Pearce, https://www.unsw.edu.au/staff/hammond-pearce, 4
Jingling Xue, http://www.cse.unsw.edu.au/~jingling, 3
Yulei Sui, https://research.unsw.edu.au/people/associate-professor-yulei-sui, 2
Salil S. Kanhere, http://www.cse.unsw.edu.au/~salilk, 1
Carroll Morgan, http://www.cse.unsw.edu.au/~carrollm, 1
Xing Gao 0001, http://xgao-work.github.io/, 9
Chengmo Yang, https://www.eecis.udel.edu/~chengmo, 2
Xu Yuan 0001, https://yuanxuyx.github.io/index.html, 2
Rui Zhang 0007, https://www.eecis.udel.edu/~ruizhang, 1
Andrei Sabelfeld, https://www.chalmers.se/en/staff/Pages/andrei.aspx, 8
Alejandro Russo, https://www.chalmers.se/en/staff/Pages/russo.aspx, 2
Magnus Almgren, https://www.chalmers.se/en/staff/Pages/magnus-almgren.aspx, 1
Martin R. Albrecht, https://malb.io/, 5
Fabio Pierazzi, https://www.kcl.ac.uk/people/fabio-pierazzi, 5
Grigorios Loukides, https://www.kcl.ac.uk/people/grigorios-loukides, 1
Nicola Paoletti, https://www.kcl.ac.uk/people/nicola-paoletti, 1
Jose M. Such, https://www.kcl.ac.uk/people/jose-such, 1
Thomas Eisenbarth 0001, https://www.its.uni-luebeck.de/mitarbeiterinnen/thomas-eisenbarth.html, 9
Esfandiar Mohammadi, https://www.its.uni-luebeck.de/mitarbeiterinnen/esfandiar-mohammadi.html, 2
Long Cheng 0005, https://people.computing.clemson.edu/~lcheng2, 5
Zhenkai Zhang, https://zhenkai-zhang.github.io/, 5
Kelly Caine, https://kellycaine.wordpress.com/, 1
Guo Freeman, http://guof.people.clemson.edu/, 1
Rong Ge 0002, https://people.cs.clemson.edu/~rge, 1
Mert D. Pesé, https://mpese.com/, 1
Arpita Patra, http://www.csa.iisc.ac.in/~arpita, 5
Vinod Ganapathy, http://www.csa.iisc.ac.in/~vg, 2
Chaya Ganesh, https://www.csa.iisc.ac.in/~chaya, 1
Bhavana Kanukurthi, http://www.csa.iisc.ac.in/~bhavana, 1
Wei You, http://www.youwei.name/, 8
Jianjun Huang 0001, https://hjjandy.github.io/, 3
Wenchang Shi, http://info.ruc.edu.cn/academic_professor.php?teacher_id=63, 3
Bin Liang 0002, http://info.ruc.edu.cn/academic_professor.php?teacher_id=27, 2
Xiaofeng Meng 0001, http://idke.ruc.edu.cn/xfmeng/index.html, 1
Rikke Bjerg Jensen, https://pure.royalholloway.ac.uk/en/persons/rikke-bjerg-jensen, 2
Guido Schmitz, https://pure.royalholloway.ac.uk/en/persons/guido-schmitz, 2
Christian Weinert, https://pure.royalholloway.ac.uk/en/persons/christian-weinert, 2
Saqib A. Kakvi, https://pure.royalholloway.ac.uk/en/persons/saqib-kakvi, 1
Maryam Mehrnezhad, https://pure.royalholloway.ac.uk/en/persons/maryam-mehrnezhad, 1
Elizabeth A. Quaglia, https://pure.royalholloway.ac.uk/en/persons/elizabeth-quaglia, 1
Yiannis Tselekounis, https://www.yiannistselekounis.com/, 1
Bo Luo, http://www.ittc.ku.edu/~bluo, 7
Alexandru G. Bardas, https://www.ittc.ku.edu/~alexbardas, 4
Fengjun Li, http://www.ittc.ku.edu/~fli, 2
Drew Davidson, https://ittc.ku.edu/~drew, 1
Haipeng Cai, https://school.eecs.wsu.edu/people/faculty/haipeng-cai, 6
Xu Lin 0003, https://school.eecs.wsu.edu/faculty/profile/?nid=xu.lin, 3
Feng-Hao Liu, https://school.eecs.wsu.edu/faculty/profile/?nid=feng-hao.liu, 1
Zhi Wang 0004, http://www.cs.fsu.edu/~zwang, 5
Viet Tung Hoang, http://www.cs.fsu.edu/~tvhoang, 3
Jie Yang 0003, http://www.cs.fsu.edu/~jieyang, 2
Xin Yuan 0001, http://www.cs.fsu.edu/~xyuan, 1
Jinku Li, https://web.xidian.edu.cn/jkli, 6
Jianfeng Ma 0001, https://web.xidian.edu.cn/jfma, 5
Xiaofeng Chen 0001, https://web.xidian.edu.cn/xfchen, 4
Haichang Gao, https://web.xidian.edu.cn/hchgao, 1
Yulong Shen, https://web.xidian.edu.cn/ylshen, 1
Cong Sun 0001, https://web.xidian.edu.cn/suncong/index.html, 1
Haya Schulmann, https://sites.google.com/view/schulmann, 9
Wenqiang Jin, http://csee.hnu.edu.cn/people/jinwenqiang, 3
Zhenyu Ning, https://ningzhenyu.github.io/index.html, 3
Xu He, http://csee.hnu.edu.cn/people/hexu, 2
Hongbo Jiang 0001, https://hongbojiang2004.github.io/en, 2
Jinhua Cui 0002, https://cimcs.github.io/, 1
Daibo Liu, https://sites.google.com/site/dbliuuestc, 1
Fei Peng, http://csee.hnu.edu.cn/people/pengfei, 1
Le Guan, https://guanle.org/, 4
Roberto Perdisci, http://roberto.perdisci.com/, 4
Kyu Hyung Lee, http://cobweb.cs.uga.edu/~kyuhlee, 2
Mustakimur Khandaker, https://www.cs.uga.edu/directory/people/mustakimur-r-khandaker, 1
Kang Li 0001, http://cobweb.cs.uga.edu/~kangli, 1
Wenwen Wang 0001, https://cobweb.cs.uga.edu/~wenwen, 1
Mohammad Mannan, https://users.encs.concordia.ca/~mmannan, 4
Mourad Debbabi, https://users.encs.concordia.ca/~debbabi, 3
Lingyu Wang 0001, https://users.encs.concordia.ca/~wang, 3
Ivan Pustogarov, https://www.ipust.net/, 1
Amr M. Youssef, https://users.encs.concordia.ca/~youssef, 1
Yue Zhang 0025, https://yue.zyueinfosec.com/, 7
Zhibo Sun, https://www.zhibosun.me/, 3
Mainack Mondal, https://cse.iitkgp.ac.in/~mainack, 6
Debdeep Mukhopadhyay, http://cse.iitkgp.ac.in/~debdeep, 2
Soumyajit Dey, http://cse.iitkgp.ac.in/~soumya, 1
Satrajit Ghosh, https://satcrypt.github.io/, 1
Bing Mao, https://www.usenix.org/conference/usenixsecurity17/speaker-or-organizer/bing-mao-nanjing-university, 5
Fengyuan Xu, https://cs.nju.edu.cn/fxu, 3
Yuan Yao 0001, https://cs.nju.edu.cn/yuanyao, 2
Jian Lu 0001, http://cs.nju.edu.cn/58/2a/c2639a153642/page.htm, 1
Feng Xu 0007, http://ics.nju.edu.cn/people/fengxu, 1
Lei Xu 0003, http://cs.nju.edu.cn/xulei, 1
Qingkai Zeng 0002, https://cs.nju.edu.cn/58/1a/c2639a153626/page.htm, 1
Sheng Zhong 0002, http://cosec.nju.edu.cn/index.php/%25E4%25BB%25B2%25E7%259B%259B_Sheng_Zhong, 1
Mike Rosulek, http://eecs.oregonstate.edu/~rosulekm, 5
Sanghyun Hong 0001, https://sanghyun-hong.github.io/, 2
Zane Ma, https://zanema.com/, 1
Alan Wang, http://eecs.oregonstate.edu/people/wang-alan, 1
Konrad Rieck, https://www.mlsec.org/team/rieck, 5
Jean-Pierre Seifert, https://www.eecs.tu-berlin.de/menue/einrichtungen/professuren/professorinnen/seifert, 5
Florian Tschorsch, https://www.dsi.tu-berlin.de/menue/arbeitsgruppe/tschorsch, 1
Pierre Laperdrix, https://plaperdr.github.io/, 4
Romain Rouvoy, http://romain.rouvoy.fr/, 2
Walter Rudametkin, https://www.cristal.univ-lille.fr/profil/wrudamet, 2
Aurélien Bellet, http://researchers.lille.inria.fr/abellet, 1
Zhice Yang, https://www.yangzhice.com/, 3
Fu Song, https://sist.shanghaitech.edu.cn/sist_en/2020/0814/c7582a54913/page.htm, 2
Yuqi Chen 0001, https://yuqichen94.github.io/, 1
Chundong Wang 0001, https://toast-lab.tech/, 1
Daniel Votipka, https://www.eecs.tufts.edu/~dvotipka, 11
Jeffrey S. Foster, http://www.cs.umd.edu/~jfoster, 1
Ioana Boureanu, http://people.itcarlson.com/ioana, 4
Sasa Radomirovic, https://www.surrey.ac.uk/people/sasa-radomirovic, 3
Liqun Chen 0002, https://www.surrey.ac.uk/people/liqun-chen, 2
Daniel Gardham, https://www.surrey.ac.uk/people/daniel-gardham, 1
Yangguang Tian, https://www.surrey.ac.uk/people/yangguang-tian, 1
Musard Balliu, http://www.csc.kth.se/~musard, 5
Mads Dam, http://www.csc.kth.se/~mfd, 1
Roberto Guanciale, http://www.csc.kth.se/~robertog, 1
Mauro Conti, https://www.math.unipd.it/~conti, 8
Eleonora Losiouk, https://www.math.unipd.it/~elosiouk, 1
Adwait Nadkarni, https://www.adwaitnadkarni.com/, 6
Denys Poshyvanyk, http://www.cs.wm.edu/~denys, 3
Dmitry Evtyushkin, http://www.wm.edu/as/computerscience/faculty, 1
Stephen Herwig, http://www.cs.wm.edu/~smherwig, 1
Christian Doerr, https://hpi.de/forschung/fachgebiete/cybersecurity-enterprise-security.html, 6
Cong Shi 0004, https://web.njit.edu/~cs638, 4
Zhihao Yao 0001, https://web.njit.edu/~zy8, 3
Reza Curtmola, https://web.njit.edu/~crix, 2
Iulian Neamtiu, https://web.njit.edu/~ineamtiu, 1
Kurt Rohloff, https://web.njit.edu/~rohloff, 1
Jiang Ming 0002, https://cs.tulane.edu/~jming, 11
Margo I. Seltzer, https://www.eecs.harvard.edu/margo, 3
Mathias Lécuyer, https://mathias.lecuyer.me/, 2
Aastha Mehta, https://aasthakm.github.io/, 2
Thomas Pasquier, https://tfjmp.org/, 2
Ivan Beschastnikh, http://www.cs.ubc.ca/~bestchai, 1
Alexandra Fedorova, https://www.ece.ubc.ca/faculty/alexandra-sasha-fedorova, 1
Julia Rubin, https://www.ece.ubc.ca/faculty/julia-rubin, 1
Yuhong Nan, https://nanyuhong.github.io/, 8
Lei Xue 0001, https://cslxue.github.io/, 6
Joseph P. Near, https://www.uvm.edu/~jnear, 4
Jeremiah Onaolapo, https://www.uvm.edu/~jonaolap, 2
Christian Skalka, http://www.cs.uvm.edu/~skalka, 2
Yuanyuan Feng, http://www.yuanyuanfeng.com/, 1
Emma Tosch, https://emmatosch.com/, 1
Yuseok Jeon, https://ysjeon.net/, 3
Hyungon Moon, http://hyungon.unist.ac.kr/, 3
Miran Kim, https://k-miran.github.io/, 2
Rainer Böhme, https://informationsecurity.uibk.ac.at/people/rainer-boehme, 4
Russell W. F. Lai, https://www.aalto.fi/en/people/russell-w-f-lai, 4
Tuomas Aura, https://people.aalto.fi/new/tuomas.aura, 1
Chris Brzuska, http://chrisbrzuska.de/, 1
Janne Lindqvist, https://www.lindqvistlab.org/, 1
Antti Oulasvirta, http://users.comnet.aalto.fi/oulasvir, 1
Thomas Haines, https://comp.anu.edu.au/people/thomas-haines, 5
Alwen Tiu, https://cecs.anu.edu.au/people/alwen-tiu, 1
Heejo Lee, https://ccs.korea.ac.kr/people/heejo, 4
Hakjoo Oh, http://prl.korea.ac.kr/~pronto/home, 3
Nikos Triandopoulos, http://web.stevens.edu/facultyprofile/?id=2227, 2
Wendy Hui Wang, http://www.cs.stevens.edu/~hwang4, 2
Tegan Brennan, https://web.stevens.edu/facultyprofile/?id=2427, 1
Eric Koskinen, http://www.erickoskinen.com/, 1
David A. Naumann, http://www.cs.stevens.edu/~naumann, 1
Martin Johns, http://www.martinjohns.com/, 6
Xinwen Fu, http://www.cs.uml.edu/~xinwenfu, 4
Sashank Narain, https://www.linkedin.com/in/sashanknarain, 3
Yimin Chen 0004, https://ianchen88.github.io/, 1
Tingjian Ge, http://www.cs.uml.edu/~ge, 1
Yao Liu 0007, http://www.cse.usf.edu/~yliu, 5
Xinming Ou, http://www.cse.usf.edu/~xou, 1
Yili Ren, https://yiliren.github.io/, 1
Attila A. Yavuz, http://csee.usf.edu/~attilaayavuz, 1
Qiang Tang 0005, https://alkistang.github.io/, 4
Dacheng Tao, https://sydney.edu.au/engineering/people/dacheng.tao.php, 2
Rahul Gopinath, https://rahul.gopinath.org/, 1
Vincent Gramoli, https://www.sydney.edu.au/engineering/about/our-people/academic-staff/vincent-gramoli.html, 1
Johannes Kinder, https://www.plai.ifi.lmu.de/people/professors/kinder, 4
Gidon Ernst, https://www.sosy-lab.org/people/ernst, 1
Christina Pöpper, https://poepper.net/, 7
Hoeteck Wee, http://www.di.ens.fr/~wee, 3
David Pointcheval, http://www.di.ens.fr/~pointche, 1
James W. Mickens, http://mickens.seas.harvard.edu/, 2
Salil P. Vadhan, http://www.eecs.harvard.edu/~salil, 2
Stephen Chong, http://people.seas.harvard.edu/~chong, 1
Minlan Yu, http://www-bcf.usc.edu/~minlanyu, 1
Thorsten Strufe, https://ps.tm.kit.edu/members_101.php, 4
Christian Wressnegger, https://intellisec.de/chris, 2
Chen Wang 0009, https://csc.lsu.edu/~chenwang, 2
Phani Vadrevu, https://www.phanivadrevu.com/, 1
Qingyang Wang 0001, https://csc.lsu.edu/~qywang, 1
Qiben Yan, https://cse.msu.edu/~qyan, 2
Vishnu Naresh Boddeti, http://vishnu.boddeti.net/, 1
Zhichao Cao 0001, https://cse.msu.edu/~caozc, 1
Yu Kong, https://www.egr.msu.edu/~yukong, 1
Li Xiao 0001, http://www.cse.msu.edu/~lxiao, 1
Xiong Fan, https://leofanxiong.github.io/, 2
Dong Deng 0001, https://www.cs.rutgers.edu/faculty/dong-deng, 1
Periklis A. Papakonstantinou, http://papakonstantinou.net/, 1
Minesh Patel, https://www.mineshp.com/, 1
Jaideep Vaidya, https://www.business.rutgers.edu/faculty/jaideep-vaidya, 1
Sheng Wei 0001, http://eceweb1.rutgers.edu/~sw891, 1
Luca Allodi, https://www.tue.nl/en/university/departments/mathematics-and-computer-science/the-department/staff/detail/ep/e/d/ep-uid/20179507/ep-tab/2, 3
Jens Grossklags, http://www.cybertrust.in.tum.de/index.php?id=101, 6
Chunyang Chen, https://chunyang-chen.github.io/, 1
Tsz Hon Yuen, https://thyuen.github.io/, 5
T.-H. Hubert Chan, https://i.cs.hku.hk/~hubert, 1
Olga Ohrimenko, https://people.eng.unimelb.edu.au/oohrimenko, 3
Toby C. Murray, http://people.eng.unimelb.edu.au/tobym, 1
Benjamin I. P. Rubinstein, http://www.bipr.net/, 1
Vanessa Teague, https://people.eng.unimelb.edu.au/vjteague, 1
Alexandra Dmitrienko, https://se.informatik.uni-wuerzburg.de/secure-software-systems-group/staff0/alexandra-dmitrienko, 4
Samuel Kounev, https://se.informatik.uni-wuerzburg.de/software-engineering-group/staff/samuel-kounev, 1
Adi Shamir, https://www.weizmann.ac.il/pages/search/people?language=english&single=1&person_id=1486, 4
Moni Naor, https://www.weizmann.ac.il/pages/search/people?language=english&single=1&person_id=2337, 1
Guy N. Rothblum, https://www.weizmann.ac.il/pages/search/people?language=english&single=1&person_id=26799, 1
Binghui Wang, http://wangbinghui.net/, 4
Hyoungshick Kim, https://seclab.skku.edu/people/hyoungshick-kim, 4
Hyungjoon Koo, https://secai.skku.edu/, 2
Tamer Abuhmed, https://infolab.skku.edu/, 1
Ryan Henry, http://homes.soic.indiana.edu/henry, 3
Zongpeng Li, http://www.cpsc.ucalgary.ca/~zongpeng, 2
Joel Reardon, http://pages.cpsc.ucalgary.ca/~joel.reardon, 2
Dominique Schröder, https://www.chaac.tf.fau.de/person/dominique-schroder, 7
Felix C. Freiling, https://www.cs1.tf.fau.de/person/felix-freiling, 1
Sjouke Mauw, http://satoss.uni.lu/members/sjouke, 3
Alex Biryukov, http://wwwen.uni.lu/snt/people/alex_biryukov, 1
Thomas Engel 0001, http://wwwen.uni.lu/snt/people/thomas_engel, 1
Yves Le Traon, http://wwwen.uni.lu/recherche/fstc/computer_science_and_communications_research_unit/members/yves_le_traon, 1
Murtuza Jadliwala, https://sprite.utsa.edu/people/mjadliwala, 2
Peyman Najafirad, https://secureaiautonomylab.github.io/, 2
Jianwei Niu 0001, http://www.cs.utsa.edu/~niu, 1
Rocky Slavin, http://galadriel.cs.utsa.edu/~rslavin, 1
Xiaoyin Wang, http://www.cs.utsa.edu/~xwang, 1
Qian Wang 0002, http://nisplab.whu.edu.cn/people.html, 10
Kent E. Seamons, https://cs.byu.edu/faculty/seamons, 5
Daniel Zappala, https://cs.byu.edu/faculty/zappala, 2
Panagiotis Ilia, https://www.cut.ac.cy/faculties/fet/eecei/department_staff/academic_staff/panagiotis.ilia/?languageId=1, 6
Eleftherios Kokoris-Kogias, https://ist.ac.at/en/research/kokoris-group, 5
Krzysztof Pietrzak, https://ist.ac.at/research/research-groups/pietrzak-group, 1
Feng Qian 0001, https://feng-qian.github.io/, 2
John S. Heidemann, https://www.isi.edu/~johnh, 1
Barath Raghavan, https://raghavan.usc.edu/, 1
Weihang Wang 0001, https://weihang-wang.github.io/, 1
Dianqi Han, https://www.handianqi.com/, 2
Ming Li 0006, https://mentis.uta.edu/explore/profile/ming-li, 2
Mohammad A. Islam 0001, http://crystal.uta.edu/~mislam, 1
Chao Shen 0001, http://gr.xjtu.edu.cn/web/cshen, 8
Xiaohong Guan, http://www.xjtu.edu.cn/jsnr.jsp?urltype=tree.TreeTempUrl&wbtreeid=1632&wbwbxjtuteacherid=502, 1
Rosario Gennaro, http://www-cs.ccny.cuny.edu/~rosario, 3
Sven Dietrich, http://www.jjay.cuny.edu/faculty/sven-dietrich, 1
Stéphanie Delaune, http://www.lsv.ens-cachan.fr/~delaune, 3
David Baelde, http://www.lsv.ens-cachan.fr/~baelde, 1
Hubert Comon-Lundh, http://www.lsv.ens-cachan.fr/~comon, 1
Damien Stehlé, http://perso.ens-lyon.fr/damien.stehle, 2
Fabien Laguillaumie, http://perso.ens-lyon.fr/fabien.laguillaumie, 1
Benoît Libert, http://perso.ens-lyon.fr/benoit.libert, 1
Clément Pernet, http://lig-membres.imag.fr/pernet, 1
Vladimir Braverman, https://profiles.rice.edu/faculty/vladimir-braverman, 1
Alan L. Cox, https://www.cs.rice.edu/~alc, 1
Nathan Dautenhahn, http://nathandautenhahn.com/, 1
Anshumali Shrivastava, https://www.cs.rice.edu/~as143, 1
Dan S. Wallach, https://www.cs.rice.edu/~dwallach, 1
Chong Fu, https://www.is.uestc.edu.cn/teachers.do?id=1102, 3
Hongwei Li 0001, https://www.en.scse.uestc.edu.cn/info/1085/2002.htm, 3
Yuan Zhang 0006, https://www.en.scse.uestc.edu.cn/info/1085/2006.htm, 2
Haomiao Yang, https://www.en.scse.uestc.edu.cn/info/1085/2032.htm, 1
Markus Dürmuth, https://www.itsec.uni-hannover.de/de/usec/team/duermuth, 5
Radha Jagadeesan, http://reed.cs.depaul.edu/rjagadeesan, 1
Craig Miller, http://facsrv.cdm.depaul.edu/~cmiller, 1
James Riely, http://fpl.cs.depaul.edu/jriely, 1
Filipo Sharevski, https://www.cdm.depaul.edu/Faculty-and-Staff/Pages/faculty-info.aspx?fid=1341, 1
Satyajayant Misra, http://www.cs.nmsu.edu/~misra, 2
Joshua Reynolds, https://cv.jeyrey.net/, 2
Roopa Vishwanathan, https://www.cs.nmsu.edu/~roopa, 2
Ting Yu 0001, http://www.qcri.org.qa/our-people/bio?pid=115&name=Ting_Yu, 6
Mourad Ouzzani, http://www.qcri.org/our-people/bio?pid=30&par=acc&name=MouradOuzzani, 1
Guannan Liu, https://www.linkedin.com/in/guannan-liu-3583b8262, 2
Chuan Yue, https://inside.mines.edu/~chuanyue, 2
Narseo Vallina-Rodriguez, http://people.networks.imdea.org/~narseo_vallina, 5
Guillermo Suarez-Tangil, https://networks.imdea.org/team/imdea-networks-team/people/guillermo-suarez-tangil, 1
Alejandro Cabrera Aldaya, https://www.tuni.fi/en/alejandro-cabreraaldaya, 4
Xiaojiang Du, https://cis.temple.edu/~xjdu, 3
Yan Wang 0003, https://www.binghamton.edu/cs/people/ywang.html, 1
Birhanu Eshete, https://umdearborn.edu/users/birhanu, 4
John Criswell, https://www.cs.rochester.edu/u/criswell, 4
Arnis Parsovs, https://www.etis.ee/CV/Arnis_Parsovs/eng, 1
Dokyung Song, https://cysec.yonsei.ac.kr/~dokyungs, 3
Hanjun Kim 0001, http://corelab.yonsei.ac.kr/~hanjun, 2
Mukesh Tiwari, http://www.daiict.ac.in/daiict/people/faculty.html, 3
Carsten Baum, https://carstenbaum.com/, 4
Chenglin Miao, https://clmiao.github.io/, 2
Meisam Mohammady, https://www.cs.iastate.edu/people/meisam-mohammady, 2
Mengdi Huai, https://www.cs.iastate.edu/people/mengdi-huai, 1
Shih-Wei Li, https://www.csie.ntu.edu.tw/~shihwei, 3
Hsu-Chun Hsiao, http://www.csie.ntu.edu.tw/~hchsiao, 1
Ana L. Milanova, http://www.cs.rpi.edu/~milanova, 2
Lei Yu 0002, https://leiyucs.github.io/, 2
Sudipta Chattopadhyay 0001, http://sudiptac.bitbucket.io/, 1
Tien Tuan Anh Dinh, http://istd.sutd.edu.sg/people/faculty/dinh-tien-tuan-anh, 1
Pawel Szalachowski, https://pszal.github.io/, 1
Jianying Zhou 0001, http://jianying.space/, 1
Md. Endadul Hoque, https://users.cs.fiu.edu/~ehoque, 2
Yuzhe Tang, http://ecs.syr.edu/faculty/yuzhe, 2
Kristopher K. Micinski, http://kmicinski.com/, 1
Hassan Khan, https://www.uoguelph.ca/computing/people/hassan-khan, 3
Xiaodong Lin 0001, https://www.uoguelph.ca/computing/people/xiaodong-lin, 1
Adi Akavia, https://sites.google.com/view/akavia, 2
Dan Feldman, http://people.csail.mit.edu/dannyf, 1
Xiali Hei 0001, http://www.xialihei.com/, 3
Li Chen 0019, https://lichenut.github.io/, 1
Nian-Feng Tzeng, https://people.cmix.louisiana.edu/tzeng, 1
Patrick Gage Kelley, http://www.cs.unm.edu/~pgk, 6
Thomas P. Hayes, https://www.cs.unm.edu/~hayes, 1
Bruno Crispo, http://disi.unitn.it/~crispo, 3
Marco Roveri, https://sites.google.com/view/marco-roveri/home, 1
Stefan Dziembowski, http://www.crypto.edu.pl/Dziembowski, 3
Sanchuan Chen, https://schuan.github.io/, 3
AbdelRahman Abdou, http://people.scs.carleton.ca/~abdou, 2
Sonia Chiasson, https://carleton.ca/scs/people/sonia-chiasson, 2
Cuiyun Gao, https://cuiyungao.github.io/, 1
Daojing He, http://faculty.hitsz.edu.cn/hedaojing, 1
Qing Liao 0001, http://liaoqing.me/, 1
Yifeng Zheng, http://faculty.hitsz.edu.cn/zhengyifeng, 1
Mohamed Ali Kâafar, https://dali-kaafar.github.io/, 2
Muhammad Ikram 0001, https://researchers.mq.edu.au/en/persons/muhammad-ikram, 1
Annabelle McIver, https://researchers.mq.edu.au/en/persons/annabelle-mciver, 1
Yinxing Xue, http://dsxt.ustc.edu.cn/zj_js.asp?zzid=6495, 3
Yan Xiong, http://dsxt.ustc.edu.cn/zj_ywjs.asp?zzid=709, 2
Xiang Wang 0010, https://xiangwang1223.github.io/, 1
Bernardo Magri, https://bernardomagri.eu/, 3
Edgar R. Weippl, https://sec.cs.univie.ac.at/team/person/83163, 4
Kyungtae Kim, https://kt0755.github.io/, 4
Christophe Hauser, https://web.cs.dartmouth.edu/people/christophe-hauser, 1
Abhishek Bichhawat, https://iitgn.ac.in/faculty/cse/abhishek, 3
Jan Reineke 0001, http://embedded.cs.uni-saarland.de/reineke.php, 3
Alessandro Mei, http://wwwusers.di.uniroma1.it/~mei, 1
Leonardo Querzoni, http://www.diag.uniroma1.it/users/leonardo%2520querzoni, 1
Daniele Venturi 0001, http://danieleventuri.altervista.org/, 1
Sazzadur Rahaman, https://www.sazzadur.com/, 3
Matthew Smith 0001, http://mattsmith.de/, 3
François Dupressoir, https://fdupress.net/, 1
Awais Rashid, https://research-information.bris.ac.uk/en/persons/awais-rashid, 1
Bogdan Warinschi, http://people.cs.bris.ac.uk/~bogdan, 1
Graham Cormode, https://warwick.ac.uk/fac/sci/dcs/people/graham_cormode, 2
Di Wang 0015, https://shao3wangdi.github.io/, 2
Mobin Javed, http://web.lums.edu.pk/~mobin, 2
Maryam Mustafa, https://web.lums.edu.pk/~maryam, 2
Lichao Sun 0001, https://www.cs.uic.edu/~lsun, 3
Martin Henze, https://www.martinhenze.de/, 1
Ulrike Meyer, https://www.itsec.rwth-aachen.de/cms/ITSEC/Das-Lehr-und-Forschungsgebiet/Team/~ehrwa/Ulrike-Meyer/?allou=1, 1
Klaus Wehrle, https://www.comsys.rwth-aachen.de/team/klaus, 1
Jens B. Schmitt, https://disco.cs.uni-kl.de/index.php/people/jens-schmitt, 2
Wolfgang Kunz, https://www.eit.uni-kl.de/eis/people/kunz, 1
Dongpeng Xu 0001, https://www.cs.unh.edu/~dxu, 3
Yuede Ji, https://yuede.github.io/, 2
Yunhe Feng, https://computerscience.engineering.unt.edu/people/faculty/yunhe-feng, 1
Yingjiu Li, https://cs.uoregon.edu/profile/yingjiul, 1
Daniel Lowd, https://ix.cs.uoregon.edu/~lowd, 1
Giuseppe Persiano, http://www.di.unisa.it/~giuper, 2
Devashish Gosain, https://www.devashishgosain.com/, 2
Martin Aumüller 0001, https://itu.dk/~maau, 1
Bernardo Machado David, http://www.bmdavid.com/, 1
Zhiwu Xu 0001, https://zhiwuxu.github.io/, 3
Jia Wang 0008, http://csse.szu.edu.cn/cn/peopleda19.html?218228=, 1
Tianxi Ji, http://www.myweb.ttu.edu/tiji, 1
Panagiotis Karras, https://di.ku.dk/english/staff/?pure=en/persons/710238, 1
Rasmus Pagh, https://di.ku.dk/english/staff/?pure=en/persons/309342, 1
Oliver Hohlfeld, https://www.ohohlfeld.com/, 2
Willy Susilo, https://scholars.uow.edu.au/willy-susilo, 2
Fuchun Guo, https://documents.uow.edu.au/~fuchun, 1
Xenofon D. Koutsoukos, http://www.vuse.vanderbilt.edu/~koutsoxd, 2
Kevin Leach, https://engineering.vanderbilt.edu/bio/kevin-leach, 1
Hong-Sheng Zhou, http://www.people.vcu.edu/~hszhou, 2
Tachio Terauchi, http://www.f.waseda.jp/terauchi/index.html, 1
Xiaozhong Liu, https://www.wpi.edu/people/faculty/xliu14, 4
Chen Hajaj, https://www.ariel.ac.il/wp/chen-hajaj, 1
Eran Omri, http://www.ariel.ac.il/Projects/trp/GeneralInformation.asp?numRec=368&numtafrit=1&id_lang=1&d=, 1
Xianglong Liu 0001, http://www.nlsde.buaa.edu.cn/~xlliu, 2
Li Li 0029, http://lilicoding.github.io/, 1
Mark Manulis, http://manulis.eu/, 2
Li Xiong 0001, https://cs.emory.edu/~lxiong, 2
Claudia Müller-Birn, https://www.mi.fu-berlin.de/en/inf/groups/hcc/members/professor/mueller-birn.html, 1
Volker Roth 0002, https://www.mi.fu-berlin.de/inf/groups/ag-si/members/volkerroth.html, 1
Shweta Agrawal, http://www.cse.iitm.ac.in/~shwetaag, 1
Chester Rebeiro, http://www.cse.iitm.ac.in/~chester, 1
Xiaojiang Chen, https://xjchen-nwu.github.io/xiaojiangchen.github.io, 1
Dingyi Fang, https://ist.nwu.edu.cn/info/1017/1264.htm, 1
Zhanyong Tang, https://ist.nwu.edu.cn/info/1017/1526.htm, 1
Shuai Hao 0001, https://shhaos.github.io/, 2
Gareth Tyson, http://www.eecs.qmul.ac.uk/~tysong, 2
Ignacio Castro, https://icastro.info/, 1
Xiaodong Chen, http://www.eecs.qmul.ac.uk/~dong, 1
Zhumin Chen, http://www.cs.sdu.edu.cn/info/1112/2725.htm, 1
Pengjie Ren, https://pengjieren.github.io/, 1
Dongxiao Yu, http://www.cs.sdu.edu.cn/info/1091/2639.htm, 1
Christof Fetzer, https://tu-dresden.de/die_tu_dresden/fakultaeten/fakultaet_informatik/sysa/se/team/people/c_fetzer, 1
Matthias Wählisch, https://tu-dresden.de/inf/sya/netd/about/mw?set_language=en, 1
Zhengxiong Li, https://cse.ucdenver.edu/~lizheng, 3
Mohamed Khamis, http://mkhamis.com/, 2
Andreas Peter, https://uol.de/informatik/ssi/team/prof-dr-andreas-peter, 2
Balaji Palanisamy, http://www.sis.pitt.edu/bpalan, 1
Youtao Zhang, https://cs.pitt.edu/~zhangyt, 1
Matthew J. Luckie, http://www.cms.waikato.ac.nz/people/mluckie, 3
RhongHo Jang, https://engineering.wayne.edu/profile/hf8512, 2
Rongxin Wu, https://wurongxin1987.github.io/wurongxin.xmu.edu.cn, 2
Lukás Holík, https://www.fit.vut.cz/person/holik, 1
Tomás Vojnar, https://www.fit.vut.cz/person/vojnar, 1
Yaoxue Zhang, https://www.csu.edu.cn/info/1126/1525.htm, 1
Sang-Wook Kim, http://www.agape.hanyang.ac.kr/members/prof, 1
Subhajit Roy 0001, http://www.cse.iitk.ac.in/users/subhajit, 1
Le Song, http://www.cc.gatech.edu/~lsong, 1
Zhiqiang Xu, https://mbzuai.ac.ae/study/faculty/zhiqiang-xu, 1
Mashael Al Sabah, http://www.qu.edu.qa/engineering/computer/faculty/mashael.php, 1
Albert Levi, http://people.sabanciuniv.edu/levi, 1
Erkay Savas, http://people.sabanciuniv.edu/~erkays, 1
Reza Tourani, https://cs.slu.edu/people/tourani, 1
Wei Wang 0190, https://www.wei-wang-research.com/, 1
Rasool Jalili, http://ce.sharif.edu/faculty/rasool-jalili, 1
Ben Hermann 0001, https://sse.cs.tu-dortmund.de/team/ben-hermann, 1
Shouhuai Xu, https://xu-lab.org/, 1
Tyler N. Allen, https://webpages.charlotte.edu/~tallen93, 1
Hongfei Xue, https://havocfixer.github.io/, 1
Divya Ravi, https://cci-research.nl/author/divya-ravi, 1
Shucheng Yu, https://ualr.edu/faculty-7wazt/yu, 1
Sanchari Das, https://ritchieschool.du.edu/about/people/sanchari-das, 1
Hannes Federrath, https://www.inf.uni-hamburg.de/inst/ab/snp/team/federrath.html, 1
Rishab Nithyanand, https://cs.uiowa.edu/people/rishab-nithyanand, 1
Yang Xiao 0010, https://yang-sec.github.io/, 2
Yukui Luo, https://www.yukuiluo.com/, 1
Rohit Chadha, https://engineering.missouri.edu/faculty/rohit-chadha, 1
Zhu Li 0001, http://l.web.umkc.edu/lizhu, 1
Nirnimesh Ghose, https://cse.unl.edu/~nghose, 1
Juliane Krämer, https://www.uni-regensburg.de/informatics-data-science/qpc/team/prof-dr-juliane-kraemer/index.html, 1
Philipp Rümmer, http://www.philipp.ruemmer.org/, 1
Feng Dong, https://pureportal.strath.ac.uk/en/persons/feng-dong/publications, 2
Jeff Yan, https://pureportal.strath.ac.uk/en/persons/jeff-yan/publications, 1
Tibor Jager, https://itsc.uni-wuppertal.de/en/staff/prof-dr-ing-tibor-jager.html, 1
Zhiyong Shan, https://www.wichita.edu/profiles/academics/engineering/SoC/Shan-Zhiyong.php, 1
Meikang Qiu, https://www.augusta.edu/faculty/directory/view.php?id=MQIU, 1
Chao Li 0023, http://www.lichao.work/, 1
Byron J. Williams, http://www.fsnhp.msstate.edu/docs/staff/Byron%2520%2520Williams%2520CV%2520July%25202012%2520.pdf, 1
Stefano Zanero, http://home.deib.polimi.it/zanero, 1
Andrew P. Tolmach, http://web.cecs.pdx.edu/~apt, 1
Fei Xie, http://web.cecs.pdx.edu/~xie, 1
Xun Yi, https://www.rmit.edu.au/contact/staff-contacts/academic-staff/y/yi-professor-xun, 1
Jingjing Wang, http://scst.suda.edu.cn/11250/list.htm, 1
Oguz Ergin, http://oergin.etu.edu.tr/, 1
Mário S. Alvim, http://homepages.dcc.ufmg.br/~msalvim, 1
Ronaldo A. Ferreira, https://www.facom.ufms.br/~raf, 1
Lisandro Z. Granville, http://www.inf.ufrgs.br/granville, 1
Alex Davidson, https://alxdavids.xyz/, 1
Euijin Choo, https://alleychoo.github.io/, 1
Frederik Armknecht, https://ls.wim.uni-mannheim.de/de/ths/arbeitsgruppe/mitarbeiter/prof-dr-frederik-armknecht, 1
Santosh Kumar 0001, https://www.memphis.edu/cs/people/faculty_pages/santosh-kumar.php, 1
Yanfang Ye 0001, https://engineering.nd.edu/faculty/yanfang-fanny-ye, 1
Xiangliang Zhang 0001, https://engineering.nd.edu/faculty/xiangliang-zhang, 1
Guangdong Bai, https://baigd.github.io/, 1
Habib Louafi, http://www.cs.uregina.ca/People/Profiles/HabibLouafi.html, 1
Kui Wu 0001, http://www.cs.uvic.ca/~wkui, 1
Konstantinos Sagonas, http://user.it.uu.se/~kostis, 1
Chuan Shi, http://www.shichuan.org/, 1
Marc Stevens 0001, https://marc-stevens.nl/, 1
Erman Ayday, https://engineering.case.edu/profiles/exa208, 1
Ting Su 0001, http://tingsu.github.io/, 1
Björn Scheuermann 0001, http://www.ti.informatik.hu-berlin.de/, 1
Jong Taek Lee, https://sites.google.com/view/k-vislab, 1
Zhaochun Ren, https://renzhaochun.github.io/, 1
Youcheng Sun, https://www.qub.ac.uk/schools/eeecs/Connect/Staff/BusinessCard/?name=youcheng.sun, 1
Yang Shi 0002, https://sse.tongji.edu.cn/Data/View/2818, 1
Shijia Pan, http://www.andrew.cmu.edu/user/shijiapa, 1
Shen Wang, https://people.ucd.ie/shen.wang, 1
Alexander Nelson, https://computer-science-and-computer-engineering.uark.edu/directory/index/uid/ahnelson/name/Alexander+H.+Nelson, 1
Dominik Herrmann, https://www.uni-bamberg.de/psi/team/dominik-herrmann, 1
Omprakash Gnawali, http://www2.cs.uh.edu/~gnawali, 1
Martin Pinzger 0001, https://pinzger.github.io/, 1
Zheng Wang 0001, https://eps.leeds.ac.uk/computing/staff/6452/dr-zheng-wang, 1
David M. Eyers, http://www.cs.otago.ac.nz/staff/David_Eyers, 1
